SET @OLD_UNIQUE_CHECKS=@@UNIQUE_CHECKS, UNIQUE_CHECKS=0;
SET @OLD_FOREIGN_KEY_CHECKS=@@FOREIGN_KEY_CHECKS, FOREIGN_KEY_CHECKS=0;
SET @OLD_SQL_MODE=@@SQL_MODE, SQL_MODE='TRADITIONAL,ALLOW_INVALID_DATES';

INSERT INTO `attachment` (`id`, `file`, `creationDate`, `name`, `type`, `sha1`) VALUES
    (1, _binary 0xFFD8FFE000104A46494600010101006000600000FFDB0043000201010201010202020202020202030503030303030604040305070607070706070708090B0908080A0807070A0D0A0A0B0C0C0C0C07090E0F0D0C0E0B0C0C0CFFDB004301020202030303060303060C0807080C0C0C0C0C0C0C0C0C0C0C0C0C0C0C0C0C0C0C0C0C0C0C0C0C0C0C0C0C0C0C0C0C0C0C0C0C0C0C0C0C0C0C0C0C0C0C0C0C0CFFC00011080100010003012200021101031101FFC4001F0000010501010101010100000000000000000102030405060708090A0BFFC400B5100002010303020403050504040000017D01020300041105122131410613516107227114328191A1082342B1C11552D1F02433627282090A161718191A25262728292A3435363738393A434445464748494A535455565758595A636465666768696A737475767778797A838485868788898A92939495969798999AA2A3A4A5A6A7A8A9AAB2B3B4B5B6B7B8B9BAC2C3C4C5C6C7C8C9CAD2D3D4D5D6D7D8D9DAE1E2E3E4E5E6E7E8E9EAF1F2F3F4F5F6F7F8F9FAFFC4001F0100030101010101010101010000000000000102030405060708090A0BFFC400B51100020102040403040705040400010277000102031104052131061241510761711322328108144291A1B1C109233352F0156272D10A162434E125F11718191A262728292A35363738393A434445464748494A535455565758595A636465666768696A737475767778797A82838485868788898A92939495969798999AA2A3A4A5A6A7A8A9AAB2B3B4B5B6B7B8B9BAC2C3C4C5C6C7C8C9CAD2D3D4D5D6D7D8D9DAE2E3E4E5E6E7E8E9EAF2F3F4F5F6F7F8F9FAFFDA000C03010002110311003F00FDF8A28A76FA006D19A01A5DD40094514678A0028A3B5293C5002514B9A4CD00145283CD0DD680128A29775002514139A52734009452E692800A29C0F3D6863EF400DA2949A4CD0019C519A3AD2934009452E692800A29C0F3D6863EF400DA2949A4CD0019C519A3AD2934009452939A52C73400DA28CF14E3F5A006D14A4D2E78A006D14A5B34A0D00368A5A01E280128A716A3381400DA29C5A80DC500368A5278A5CF1DA801B453B771403F2D00368A713499A004A29734A0D00368A713403400DA29DBB8A01F96801B45389A4CD002514B9A506801B45389A01A006D14B9A43D6800A28CD3B3C500368A3B528340094504E68CF1400514134BDA80128A33466800A2973474FF00F55002514668A0028A5CF1476A004A29739A4CF3400514B9A4CE2800A2973FE7141E94009452E78A8AEEF61D3EDCCB712C50C6A42979182A82480393EA481F534012514B9CD2679A0028A5CD2671400514B9FF0038A0F4A004A28CD3B22801B462949A375002628C52E78A426800A297228C8F4A004C668A5CD00D002633462973C52EE005003718A314E241146EA006E334629C48A4C8A004C668C52E6941E2801BD68C52E4500D002518A527346EA004C514B9A323340098CD7E44FF00C1D89FB5E5EF84BE08F817E07F86F559F4ED73C797C3C43AACB6F26D96D6C2C1D5E0E47237DE0888FF00AE0D5FAEB34C9044D23B0544059989E001DEBF94AFF82947ED6CDFB7A7EDFF00F117E24C170D73E1FF00B67FC23DE1839CAAE9566CC91BAFB4B299A6FF00B6B5C598623D8D1725BEC8FA8E0FC97FB5333861E6AF05EF4BD174F9BB2F99FD197FC12AFF006B66FDB87F600F867F11AE995B5AD5B494B6D6947F06A36E4C1743E8668DC8F6615F4262BF337FE0D4BBB95FFE09BDE28B6766686C7E246B30DBA93C46A63B49081FF03773F526BF463E227C49F0FF00C21F056A5E24F14EB3A6787BC3FA3C26E2F750D42E56DEDEDA31D59DD8800574D39F3414BBA3C1C761FEAF89A943F964D7DCDA36ABC33F6E1FF828E7C23FF8279781175BF899E28B7D36E2E95BFB3B46B51F68D5B5871FC16F6CA7739EDB8E10679615F9A7FF000508FF00839D2EFC506FBC27FB30E9AAD0FCD04FF1035BB43F671DB769F6ADCCA7B89260A9E88E39AFCA0F196A3AB7C43F1B6A5E2CF166B9AB78B3C5BAB9DF7DACEAF706E2EEE0FA6E3C228E81100500600AF37199C51A0F923EF4BB2FD4FBAE17F0DF32CD52AF557B2A3FCCD6AD7F7575F5765EA7EF47FC1207FE0B3FE30FF82A6FED69F147456F0269DE0DF873E0FD16D2F74B596769F5779A69DD17ED2CA7CA5DC88EDB101DB81F33735FA2D5F8FBFF00068E7C3A16FF000D3E3D78D5E3FF0090C789EC743818FF0072CECC48D8FF0081DDB0FF0080D7EC1E466BD0C3CE53A519CB76AE7C6E7186A586C755C3D0BB8C24E2AFBBB3B5FE762A68FAF58F886D5A6D3EF2D6FA1491E1692DE659555D4956525491B948208EA08C558913CC8D9791B86383835FCF4FFC14BB4DF8B9FF000449FF0082A56BDE25F833E2ED53C2FE0FF8C4D278BB4FD36706EB41BEBB2F8BFB29ED58852CB26D95590AB849C00DC1C7DB5FB01FFC1CCFF0E3E384FA7F85FE3869F0FC1FF195C95862D49A569BC37AA49FEC5CF5B624E7E4B8C01C00EC48A9FAD53F6BEC5BB4BB3EBE9DCDE59063BEA31CC610E6A4EF79475E56B752EB1F9E8EEACCF9CB42FF0082B3FC68FF008234FEDF9F117E0CFC567D63E2E7C25D37573A969135CC865F11697A3DDB34B6D3412B902EA3405A3789CEE0D136C61F76BF62FF00664FDA9FC03FB637C24D3FC71F0DFC4BA7F89FC39A92FC93DB361E07C0DD14B19C3C52AE70C8E0303DABF32FFE0E83FD966D7C5BF09BC05FB47786C4379FF086CABA1F882E6D5848973A3DEC8A209F72E772C372C841191B6E1CF4E6BF313F654FDA7BE227EC1FF1897C7DF09F585D37529D93FB5F46B92CDA4F89A15FF965731823E7C13B655C3A13D48C8AF3B139A7D5711ECEBFC32D9F6EE99F6B92701FF6FE4AF1D94BFF0068A2DA9D36FE2EAA517D1B5A59E8DA76B6CFFAAFA2BE71FF00826BFF00C14CFC07FF00052CF836DAF7865DB49F1368DB2DFC4BE19BB71F6ED0AE483F2B7FCF489B04C72AFCAE3D08651F4757B11926AEB63F35A94E74E6E9D44D493B34F469AE8D0519A3BD07A53330CD1451DA800A28345001451462800A28A3B50019A28A2800A29692800A28A3BD00145148F22C48CCC42AA8C924E001401F087FC1C35FB6FCDFB257EC1BA8787741BDFB2F8F3E2E4ADE16D14A37EF2D617426F6E877023B7DE01ECF2475FCF5F877C236FE1FD26DED215DB15BC62341E8A06057D2DFF055CFDB7BFE1E1BFB78F883C5DA6DD7DA7C03E0B47F0BF83F69FDD5CC11C84DCDF01EB3CD900F78E28EBE6FF1AEBDFF0008CF86AE2EA35F32E3022B68FBCB2B90A8BF8B11F864D7C4E798C75B10A84368E9F3FEB43FA93C29E1AA796E512CD716BDFA8B9BD20B6FBF57E69A3EFAFF0082587FC16DFC0BFF0004EAFF008272EA5E0FD1345D43E207C5BD5FC65ADEA49A25B66DECB4D4799628A5BDBA61B514AC5B8226F7618E0020D7CB3FB5FF00ED67F15BFE0A09E334D73E307899B58B7B598CFA6F86AC15ADF41D18F6F2ADF24C8E071E6CA59CFA8E95E77F0FFC309E10F0BDAD8AED69235DD3C807334A79773EE5B26B6268C6DFAD71E3B3CAB38AA549F2C569A6ECFA6E15F09F2FC2D5798E3E3ED2B49B96BF0C5B77B25B36BBBBF75630DE3F2536A8AA37EDFBA6FA56B5EC55CFF8C2F174AF0CEA174C76ADADB49293E9B549FE95E7D1F79A3EC332B51A7293D927F81FD00FFC1B07F0EBFE10EFF824A785F5A74D9378E35ED6B5D7C8E4AFDBE5B68CFE31DBA11EC457E84D7CFBFF0004A1F855FF000A4FFE09A9F037C34D1F932D8F8334D926423959668166933EFBE46CFBD7D055FA8463CB15147F05E22B3AB565565BC9B7F7BB9F18FF00C1777F6099BF6EEFD83B5AB7D06CC5C7C40F00C9FF00093F85982FEF25B8854F9B6A0F5C4F09923C7F78A1ED5FCE0F85EF6D3C61E1C8E668926B5BC8C318A640783D5581EE0F041EE2BFB0C3C8AFE69FFE0B3FFB13FF00C3097FC143B5EB5D2ED3ECDE04F8A825F15F874A26D86D67773F6EB25EC364A44A147449D476AF078830AE747DB4778FE5FF0000FD77C1DE22585CC9E595DFB95B6BEDCCBFF925A79B491E3FF093F6A8F8A1FB3FFC24F137C3DF0D7883FB6BE19F8B74E9F4CD53C0FE2167BBD1DE2990A31B6E77D9C833B95A23B432A92A715E59F08358BED43C1B0D9EA91F93ABE907EC57885C31DCA06D6CF7DCBB5B3EF5D15B1F98D73DE2B57F06EBEBE228559ACE44583558D46488C7DC9C0F54C9CFAA93FDD15F23531957110542ABBDB66F7F4BF9FE763FA2B07C3780CA3152CD7030F66A7A548C7E1B7F3F2EC9C5EF6B2E572D1BB1E8FF00047E35F8DBF650F8D7A4FC4BF867ABFF0062F8C345F9583E4D9EB36D905ECAED011E642F8C7AA1C329040AFE88FF00E0985FF054EF02FF00C14BFE13B5F68ECBA078EB43448FC4DE14BA941BCD2263C6F5E9E6DBBF54957820E0E18103F9BE4759E159236592391432B29C860790455BF0278E3C51F057E27693E3BF00F886FF00C21E37D05B7596AB64DCB2E4168264FBB340F8C344F9523DF9AEFC9F3A7867ECAB6B0FC57FC0F23E4BC4AF0B29E751798E5D68E212D56CAA2F3ED2ED2EBB3EEBFAD6CD1D2BF3FF00FE092FFF0005D6F0AFEDD62CFC03F1022B1F01FC68B78B9D3DA6C69FE250BD67B091B1B98F56809F3139C6E51BABF402BEF29D48CE2A70774CFE48C660EBE16B4B0F89838CE2ECD35669875A391466977715673087AD18A09AF94FE2F7FC16EFF661F82FE2FD4BC3FA8FC50B0D575ED1EE64B3BDB0F0FE9F77ADCF6B3A315789C5A4520575604104E41045454A918479A6D25DDE85461293E58ABB3EAD20D260D7C5167FF07097ECBD34FB6E7C59E2FD2D4FFCB4BFF02EB76E83EACD6B803EB5EADF05FF00E0AB5FB387ED05AA45A7F853E33F802FB54B82047A7CFAA2595E487D1619F648C7D829A8A38AA357F85352F469FE46952855A7FC48B5EAAC7D05838A314D8A75B88D644657461B9594E430F634B9AD8C4304D1834A5B2293340062970452134BBA8010D18A5DDCD266800C57E70FFC1C6BFF0005109BF666FD9AEDFE12F83F526B6F88FF0017A292CFCD824C4DA268C3E5BBBCC8FBACD910C7EAD2311F70D7DD1FB487ED0BE17FD953E06F89FE2278D3508F4CF0DF84EC64BFBD98FDE2AA388D07F148EC422A8E59980EF5FCB9FED0BFB47F8A3F6D5FDA2FC53F177C64B243AD78B6602CF4F690BA687A747916D649E8117E66200DD23BB7535E6E698E586A2E4BE27A2FF3F91F73E1FF0009CB3DCD234A6BF750B4A6FCBA47D64F4F4BBE87061F4FF03F87977B4765A769F1045F4451C000773D0003926A1F0C68177E30D661D735485ED6DED893A6D8BFDE8B231E7483FE7A10480BFC20FA938E823D221BE54F3E18E658DC48A2440DB5874233DC7AD6C411715F9BD4C472A76DDF5FEBBF53FB6F0792FB49C39EDECE366A2BBAD9BF28E9CAB6BEAEF6568E3836D3654F97F0AB9E5E45579D3835C4A5767D4CB0FCB0D0C8BB5C935CE78A3C2F378EC58F86EDC334FE28D46D3458D57AB35CCF1C381FF7DD74B7A76EEAF41FF827DF803FE16EFF00C14AFF0067BF0E98FCD8E4F1D596AB3A6320C563BEF1B3ED98547E35EE6551E7C4423E68FCA3C40C57D5727C556FEE492F56ACBF167F529E18D0E3F0CF86B4ED361558E1D3EDA3B68D47455450A00FC055FC1A339A036057E967F0C895F167FC178FF60F9BF6E1FD84B586D02CFED1F10BE1CC9FF093F860AAE649A5857FD22D477C4F6FE64781FC7E59E715F699A080C39C73DAA651524E32D99AD0AF528D48D6A4ED28B4D3ECD6A9FDE7F211E16D761F1168D6B7D6F9F2AEA312283F7973D411D883C11D88AD748D678D95D5595860823208AFA23FE0B19FB167FC3077FC142FC41A6E9B6BF65F02FC4F3378B7C345576C36D24927FA7592F61E5CCC24551D1275F4AF9E6DFAD7E5F99E15E1ABCA9BF97A743FBE78178829E759552C747792B497692D24BEFD5793472314927C2598C1702497C31236609C02C74ACFF049FF004C7D1BF847078C1AEA9644B88964899648E400AB29CAB03DC1AB8F1ACF195650CAC30411904566687E13B2F0B43343631B4304D2799E56F2638C9EA1149C283D7030335C32AD196B2F8BF3FF0083F9FE7F4D4F2EAB877ECE959D2E89EF0F25DE3D93B38EC9B564A0D63428F5510BF99716F75692ADC5ADD5B4AD0DC59CAA72B2C52290C8EA790CA4115FA9FF00F04ABFF83896F3C053E97F0D3F69AD484D62CCB6BA3FC4790048F9C048B55006236EDF691F2B71BC29CB1FCC02306AB6A5631DFDA490CD1A4B148A5591C6E5607B106BD5CB736AB84969AC7AAFF2F33E078DFC3DCBF8868DEAAE4AD15EECD2D7D1AFB4BCBA746B53FAE3D3B51B7D62C21BAB49E1BAB5B9412C3342E1E39508C86561C1047208E0D4D5FCD8FF00C1323FE0B4BE3EFF00825EDF43E1CD786A5E3EF81EAD99746797CCD4BC3087EF4B61239F9A21D4DBBB05EA50A9CE7FA38F87FE38D37E26F81346F1268F3FDAB49F1058C3A8D94D8C79B0CC8B22363DD5857E8385C653C4439E9BFF00807F1B71070EE3726C53C2636367D1ADA4BBA7FD35D4D6CD7C33FB75FF00C1153C3BF1B7C51A9FC46F83FA85AFC2BF8B3784DC5ECB0DBEED0FC54FD76EA16AA40DEC723ED11E2552C49DFD2BEE6A5A31B81C3E3284B0D8A829C24ACD3574FE479585C556C3558D7C3C9C651D534ECD1F835A6F893C41E10F89DA97C3BF891E1AB9F02FC48D163F3AE34A9DFCCB7D460CE05DD8CF80B736EC7F897953F2B053C54DE31F83BE15F89768D6FE20F0EE8BAC40FD56F2CA3988F7048C83EE39AFD40FF82A77FC13F6DFF6E9F8101B436B6D27E2A78259F56F056B646D6B6BC51936D2B7536D701447229C8C10D825457E5AFC2AF8AFFF0009AF81EF2FB52B0B9D175BD0659EC75ED2675C5C6937D6E4ADC40EBD72ACA707F894A91C1AFE3BF147C3D9F0D626398654E4A85476566EF097F2DF7B3FB2F7D1A7DDFF0049F0271A473CC3CB079825ED60AEF456947BDB6BAEAB6D9AECB67F667F8A3F10BF65ED47519FF67CF8A1FDADA6F86EF0D96ADE01F11EA126ABA17980066B78DD99A6B0930C083112809E50F35FA5DFB077FC154BC15FB68EA33784F50B1BCF877F1634C87CED43C1BAD48BF69741C19ECE5185BCB7CFFCB48FA7F12A9E2BF29BE0B7ECDD0FECE1FB0A7C25FDAA342BC8352D2BC7925DC7F16D2D6E05C47642F752B89ACB527DA4846B3F363B69470446E091F21AF5AF8BFF0002B4BF8BFA669F72B777BA2F88345996FB41F10E953791A8E8D703959A095791EEA72AC38208AFB6ADC739DF026654B2ECFE4F1384A914E351FC71D1292BFDAE57D1EB669A6B63F39A992E5FC434278ACBA2A9568B69C57C2FB69D2EBAAD2F7D3A9FB41457C67FF04B7FF828BEADF1FEEF50F84DF163EC361F1A3C216A2E9E7813C9B3F18E9D908BA9DAAFF09DDF2CD10FF56FD3E5618FB37B57F46E031F87C6E1E18BC24D4E9CD27192D9A67E6188C3D4A151D1AAAD28BB34C4CD14E0292BACC44A334B8AF903FE0BA3FB58F8D3F634FF008270F8C3C59E02B593FE120BD9EDB425D517A78763BC93C96D408EFE56E1B7B07742780694A565765D3A729CD423BB76FBCFCBFF00F83873FE0A49FF000D7BFB448F823E0FD43CEF873F0BEFD66F105CDBC9BA1D7B5B41C4391C3436BB88239066CFFCF306BE15B48F73563F847C391E83631C28D249C9679246DD24CEC496762792CCC4924F524D74D676D8C715F9B66D8F788AAE7D3A7A1FDBFE1DF084327CBE387FB6F59BEF2FF25B2FF8259B4870A2AEC71E05470285156A28F70AF9DA923F67C1E1D24376022AB5CA62ADF4CD4372B95A98BD4E9AF4D72D8C5BE8324D7D69FF0006F5FC33FF0084EBFE0AFBE19BD78F7C3E0BF086B1AE3123212490C1671FE389E423FDDAF95678F71E95EEDFF049BFF8297F817FE09BDF1E3E31F8AFC41A1F883C5BE2EBCD034CD0FC3DA2695060DC6E926B899E5B87C470440880163963BB856C1AFAAE1D7178A5293D229BFD3F53F00F1A29D58E432A3462E52AB38C524AEDBBF35925E5167F4B934EB6F1349232C71C60B3331C2A81D4935F9E3FB7CFFC1C67F08FF661D77FE109F863137C70F8A77979169767A5681701B4CB7BC95C471C5717ABB9036F600A47BDC1C821704D7E427EDEDFF0572F8FBFF0504BBBAD3FC55E233E0AF01DC1F93C1FE189DEDEDA44F4BAB9189AE491D54958FD12BB7FF8376BF63487F698FF008292689AB4BA747FF087FC14B5FF00849AEF11E217D49F31584271C6E04CB3FF00DB01ED5F651CCA152AAA5475EEFA58FE62C4704E2703809E3F327ECEDF0C77936F64FA2EEF7764F63FA36F877F153C33F177469B51F0AF88345F12585BDC49692DC6997B1DD4714D1B6D78D990901D48C153C8ADE0B9AFC80FF82C0FFC12F3E257EC91F14756FDAAFF00644D73C43E0ED75B379E3AF0C68477C5AA28259EFE2B460629D87596165F9802EB86CE723F607FF83AB34FD5B4DD374BFDA1FC349A64570AAB178DFC2D03DCE9720C7DFBAB4C99A0F731F98A0F651D3B275E109284DDAFB799F3786CA71589A12C461E3CEA1F15B5715DDADEDE7B7768FAF7FE0BDBFB08CDFB6C7EC27AA5D787ECD6E3E20FC3390F8A3C34547EF276894FDA6D0773E7DBEF403BB88CF6AFE7B3C2FADC3E24D12CF50B762D05E44B2A64608C8CE08F51D08F5AFEB17E107C6BF07FED0DF0FACBC53E07F1168BE2CF0DEA89BADF50D32E92E6DE518E46E524646790791DC57F3A1FF0576FD8CBFE182FFE0A0BE26D0F4FB5FB2F81BE24B4DE2FF0AED5C4501924CDF59AF61E4CEE1954748E64F4C57CFF0012E07DA5155E3BC77F4FF81FE67EC7E06F157D4B3396535DFB95B58F94D7FF0024B4F5491E0310DC2A49202C951DA9E055A230B5F9D4B467F68D18F340CE9A320D444645684F0EF154E58706B784D58F37158769DD181E2BD316F2C64465DC9229461EA0F06BFA2DFF00837DFE3537C6CFF824A7C2496E26336A1E15B197C2B7849CB092C267B65CFB989223F8D7F3C7A8DBF9D032FB57EB7FFC1A59F1833F0D3E37FC329E4DCDA0F896DFC4F6B193CAC37F6CB13E3DBCDB363F5735F65C2F5BDF953EEAFF0077FC39FCCBE3D657FECF431A97C32717FF006F2BFF00EDA7EBE6D39A42314EDDED46EE2BEC8FE6510AE2BF29BFE0B3FF00B32FFC32CFED09A5FED0FE1FB6F27C21E3AB8B6D03E21C11AFEEED2F0E23B0D588E8A0F16F2B71F7A2639209AFD5A2D915CA7C72F835E1FF00DA2BE0E789BC09E2AB18F51F0EF8B34D9B4BD42DDBF8E2950AB60F6619C823904023915E3E7D92E1B37CBEAE5D8B5785456F47D1AF34ECD7A1E96519A56CBB194F1B877EF41DFD5754FC9AD19F8A575FB39C96763AFEA5F0C35D93C077DE2CB496D35FD3161175E1DF14432294922BED3D8F94DBD491E6C5B2519C87CD58FD83FC37F123E1F7C105F09FC4CB5B1FED4F0B5CB69FA7EA16977F688B53B100185C13870514F97F380C7CB04E4926AD7ECF165AFF00C15F1978C7E0C78D276B8F177C28D47FB266B97183AA5932896C6F47AF9B6CD1927FBEAE3B57B0C4BB96BFCFFE31CDF3BC22A9C2D9B4BDA468CFDD72D651B7F24B7E5945ECEEAD6B24D23FA170783CBEAD48E6D828F2FB48DDDB44D3FE65B5D3EAB5BDCF3BF8F7E18F1069CBA1FC42F00B2DB7C4BF86779FDB5E1D973817654627B193FBD0DCC3BE2653C6595BAA8AFD65FD947F692F0FFED7FF00B3AF847E24F85E466D1FC59A7A5E471C9FEB6D243C4B0483B491C81D18766435F9BE576B62BAAFF8243FC5B3FB36FED97E34F823772797E15F89D14FE3AF08A31F92D7514DA9AAD9A7A065F26E554700B4C78EFF00AFFD1D78DA50AD3E1AC54B495E74AFD1AD6715EABDE4BBA9773E0BC44C954A11CCA92D5692F4E8FF004F9AEC7E9CE0E690AE29C5B8E9480E0D7F5C9F9288462B84FDA83F67DD1BF6ABFD9D7C6BF0DFC431AC9A3F8D747B9D26E09193109632AB22FA32310E0F50541AEF09CD1BA803F9121E10D67E19F8935AF07F896230789BC17A9DC683AAC67B5C5BC8632C3FD97015C1EE1C56C5A2F15F6A7FC1CABFB3A69DFB337EDF5A5FC50492D74FF0F7C68D2FFE260CCE1562D5EC12388B11FF004D6D8C5C8EAD0B773CFC116BF15AC080D1E9FE209A1ED326953943EE3E5CD7E6B9CE0674B1128C13B6EBE67F727865C5986C7E4D46B622AA5512E5926F5BC74BDB7D559DF6D4EC6204B0E2AF543669E680C338C679A98D7CCCF73F73C3E912371806ABCE6AC4E7AD5599FE5A23A99D77A10C9C0AC4D6605591DD55433752075AD791F20D626BD74B046C5BF86BBF0F7BE87CA66D38FB26E471BE2ED53EC0ACCB0CD71312238A0894B49712310A91A28E4B3310001D49AFE95BFE0873FF0004F093FE09E5FB11E99A66BD6F12FC44F1B4DFF090F8B255E4C77522811DA83FDD822091FA6E0E7F8ABF32BFE0DC6FF8268BFED55F1D97F680F1969FE67C3DF87D7AC9E14B7997F77AE6B119DAD7783C3436DF32AFACDCFF00CB335FBFDBB9E95FA4E4F83746973CF77F91FC3FE247132CCB1EF0D8777A54DBF9CB66FD16CBE6FA8D2335F87BFF0005D6FF0082285C7C11D5F5CF8F9F04F4592E3C2F76ED7FE37F09D947B9AC1C9CC9A9D94607DCE733443A60BA8C6E03F70A9B2C4B346C8EAAC8E0AB2919041EC6BD2C461E15A9BA7515D33E2B27CE3159662E18DC1CB9671FB9AEA9AEA9F547F249FB36FC75F187ECD1E328FC67F07FC6DAB781358BCDB34B2E9B206B1D557A81736CD98A65E4FDE5DC33C106BE8EFF008280FF00C1607FE1BD3F6328341F8C9E088F45F8A9F0F6ED35BF0B78BFC35134FA4EA3228D9716B71031335AFDA21CAE4178F78424A85AF6FF00F82E5FFC1156E3F655D6758F8E1F06F479AE3E1BDF4AD7BE2EF0CD9C7B9BC352B365EFED235E7ECAC4E648941F2CE587C990BF9D3A26AD1EA16D1490C893413A868DD4EE57523820FBD7C8622BE2F2F97B19FBF4DED7EABD7A7A1FD1F93E59C3FC65463986157D5F19069B70B26A6B54DC76926F552D1BD9BBA34BC2BE21B7F12E8567A85AB6EB7BC89668CFB30C8AD8DDB8564DB05802AAAAA2818014600ABF0CBB97DEBE32B455EF1D8FE99CAEB4BD946351DE56D5AD137D74D6DF7939150CD0EF5A954E69719AC632699E94E0A48CF9ADF70AFB23FE0DDAF8B5FF000AA3FE0ABDA7E87249E5DB7C4FF08DFE8C14F492E2CCADF45F888D2E71EC4D7C63E25D2EFB55B3586C6FBFB3599C79B308449204C1C84CFCA1BA72411D78ACCD3FE1A278775DB0D62CB5CF155B6B5A5C866B3D460D66E20B9B590A952F1B46CBB095661F2E38247435EE6518E861AB46B4DE9AE8B7FD11F97788DC2989CF32CAB9761A9A4DD9A9C9D9269A7A24A527A5D3D16FA367F5EB457F2EFE01FDBE7F693F85FB3FB03F688F8AF1471FDD8353D462D621C7A6DBB8E438FA115EDDE01FF82F8FED7DE0148FCDF177C38F19469D53C41E1468D9FF00E07693C3CFBE0FD2BED29F12E025BC9AF54FF4B9FCC18AF0378BA92BD3A11A8BFBB38FE52717F81FD0D515F897E06FF83A2BE30687B17C59F043C0DE20518DEFA0F892E34F66F5C25C45201F42DF8D7B2781FF00E0EAAF87373B17C61F06FE2C7861FF008E4B3FB0EAF02FD0C732B9FF00BE057752CD70753E0AB1FBD2FCCF92C7787DC4B83D71181AA977509497DF14D7E266FF00C15EF4A83C17FF000563F87FAAE9EA22B8F157C33BE5D531C79DF62D4ADC5BB9F5602EE55E7B63D2A9E8376D796618F15F26FF00C1527F6F2F08FF00C1567FE0A0BF08B4EF83D7BE265D3A5F0A5D695E2496FB4AB9D2EE74DB6FED1B7BB94299146E2EB0247B90B01E6E33DABEB9D0B4B165A546B9E40AFE2DFA4461E8C388235E324E55211D1764AC9B7E7AAB768F9A3F54E047523927B1AB071709B5AE9AB776ACF5D347F3F22590F35E53FB53F89AF3E0D69BE14F8B9A3AB36BDF06F5FB6F13C217869ECC1F2750873E9259CB7031DC815EB86D19CFD6BC3FF6E3D5BC55E15F872B7DA368F6DE24F0FC2B345E26D24445AF6EAC64428CF6C7206F8F258A1077AE40C1C67F25E0BC6D6C2E7985C4E1E494E134D5DD93B7D9BBD3DE5EEEB65AEAD2D4F6B32C3D3C4612A50ABF0CA2D68AF6F3B796FF0023F6FBC33E23B3F18786F4FD5B4E996E74FD52DA3BBB6997EECB148A1D187B1520D45E2FF1AE8FF0FBC3D75AB6BDAAE9BA2E9564864B8BCBEB94B782051D4B3B90A07D4D7F3BBF01BFE0E16F8ED63FB1BF82FE1AFC37B1F066896FE07D357C32DE30D4D25D4F51BF8ED7F7514B15B9D91C4DE52C7932F9993938E78F9FBE2FF8A7C5FF00B4D7891758F8B1E38F15FC4BD411FCD8D75CBE32D9DB37FD31B550B0443D02A0C57FA3D8CE23C1E1F4BB72EC97E77D8FCEB853C19E22CF211C44231A5465AA9C9EEBBA4AEDF95EC9F73F6BBF69BFF8393BF67EF8397175A5F80E4D73E34F88ADC98FC8F0BC18D363907692FE6DB06DCF5319908F43D2BF3C7F6A1FF82FA7ED3DFB451B8B1D0750F0FF00C15F0F4D9558BC3B17DBF59643D9EF670515BDE28948EC7BD7CAD058C76702C70C69146836AA28DA147B0A8A7B50ED5F2F88E2CC45576A49457DEFEFFF00807EF991FD1EF25C0A5531F396227E7EEC3FF014EFF7C9AF232EE743FF00849BC5F2789B5EBED53C51E28B9FF5FACEB57925FDF4BF5965248FA0C0F6AD444E7A5247079647F9C54EAB935F3B88C44EACB9AA36DF99FB565394E17034161F074E34E0BA4524BEE43E3F93A53F39A8E80DB6B959EDC46DC1C1AA53BE05589E4C9AA970DCD6B4E27162AA762BCD2F951B35777FB087EC15E29FF82A1FED416FF0FB437B9D37C25A498EEFC6BAFC430349B227FD446C78FB54C032A2F381B9C8C2D62FC03FD9FBC61FB6A7ED0DA1FC23F87296D2789F5B06E2F2F273FE8DE1FB05204B7B373C850DF2A0F99DB000AFE933F607FD84FC13FF0004F1FD9DB4BF87BE09B7768ADF373AA6A97001BCD72F5FFD6DD4EE07CCCC7A0E8AA15470057DAF0F652E76C4D55A745DFF00E07E67F2E78CBE22470CA59265F2BD47F1B5F653E9FE26BEE5E7B7A1FC1BF841E1DF801F0AF40F0578474BB7D17C35E19B28F4FD3ACA05C241120C01EE4F524F24924F26BA6A28AFB83F954520D18CD2679A52D9A008AF2CE2D42D25B7B88A39A09D0C7247228649148C1520F0411C60D7E03FFC16DFFE08C375FB0E788753F8C5F09F4C9EEFE0F6A970D75E20D0EDA3DCDE0A99DB267810726C5998E540FDC9FF0060FCBFBF99AAFABE956BE20D26EAC2FAD6DEF2C6FA2682E2DE78C4914F1B02AC8CA7865209041E0835CF8AC2D3C45374EA2D0F6322CF7179463238DC14AD28FDCD754D754FFE0AD4FE47F4EBB8EFECE39E27592391432BA9C8607A1157ADD8E6BECCFF0082CBFF00C11EEF3FE09DBE2ABDF895F0E6C2E2FBE05EB57264D42C214323F80EE246F4E49B0763C1E909F94FCA41AF8B6CEE165556465747019581C8607A1AFCD334CBAA616A724F6E8FBA3FB9380F8CF079FE116270EED25A4E2F78BFD53E8FAFAA696944722A41F8D4303F3526EAF11EE7EA90D829D22E453683263AD243761A8A01A99010B50A361AA62FC75148BA681A42AB55672263F4A74F37CD8AC5F1FF0088FF00E111F046ABA9282D25ADB3BC6A3ABBE308A3DCB103F1AD69439A4A2B7670E618A8D1A33AD51DA304E4FD12BB3E93FF0082527C338FC47E2BF197C46B85DDF68B81E1FD2091D2DADCE67707D1E7C8E3FE790AFBCE29FC9C47BBE6C72335F2DFC051A5FEC69FB28E88DAD5C2D9D8785745175A94A7FE7A1532CC7DD9A466C77248F5ACAFF8256F8E7C45F1F747F88DF163C4BF6882E3C6DE236B7D3ECA490B476165688238E241D06199C31039604F5AFE5AE32C3D6CE3118ECF9CAD429CA3085FED3BF2C62BFEDC4E727FFC95CFE6CCCB1B28CE8D1AAAF52B734E5E4DDE4EFE49BE58F92F23ECB0FE5AAB557F115B437966DE62E411D00EB44739921507B74AE0F45F8F5A4F8BBE3178ABC06B1DD59EBDE1386D6EE48EE0055BCB69D4949E1C1CB206564278C32E3BD7E6387C256ABCD3A716D41734BC95D2BFDED2F99CD46A463562A4ECDBB2F5DFF24CFCDFF8E3E1AF0BE9B71AA7C58F85F235D780AFB5496D7C5DA4887CAB8F0DDFABEC6B830F545638DEBD070E38CE22B6B886EADD248E456591432B29C86046411553E3FE83AC7ECAFF00B74FC479BC350473DAF890A6BB77A24DC59F88AC6EB70B881D7EE875996528F8E0BE0F0D8AE33C15E21D2744F1047A6E8D7534DE17D6164B9F0FFDA389EC369FDFE9B303C896DC90003D50A91C735FDB59129CF0349F33A9094232A727F172B8A7C93EF387497DA8A7D6323EEBC3DE26AF82A90CB31F68C2A39283FB2A6A4D34BB293FB2FE19356BC671B77E483DE82C3B0A8525DC3E95206C57A7B1FBA3F79014CD2EDE690B7146ECD0090A5714C938A469706A37978A64CA5621B89046ACCDD866B879F58D6BC7CEC9A6A4DA2E939C35F4F1E2E6E07FD328DBEE0FF6DC67D17BD769712D52B8B8C7F3AEDC3C9475B5DFF5D0F98CDE9CAB5A2E6E31EA968DF9736E977B59BD354AE9E1F873C30BF0DB5BD3F5BF0CEA1ABF86FC4DA4CDF69B3D7B4DBC7B7D5209BFE7A09D4EE24E0641241E84638AFD3FFF00827D7FC1CDDAD7C307B1F09FED3167FDAFA3A95821F1F68F687CE84740750B34049F79601DB98F926BF31352BFEBD315C8F8875D8EDDE356592692E2410C10448649AE6463858E345CB3B93C0500926BE972BC7E2694AC9F327D1FE87E1DC7FC2391E3A93A9522A94E2B49C6CAC97F3746BD75ECD1FD7EFC27F8C1E15F8F1E01D3FC55E0BF10693E28F0EEAD1896D351D36E56E2DE65F66524647420F20820806BA4E95F935FF06E0FFC1293E2B7EC8CFAB7C56F881AC6B9E08B1F195898ECBE1BC570C2DD4332B0BEBF8B2516EB0B854501915CEF6C92A3F5973C57DE5393714DAB3EC7F24E2A942956953A73E78A765249A4FCECC4A28A2A8E70AFC6FF00F829BFEDB1FB7F7FC12E3E286A7E20B8D5FC07F103E0A6A57B23E99AFC9E0F3B7458DDC98ED6FF00ECF2A340541541336E47C672AC76D7EC8552F11F86F4FF0018E8179A56AD6369A9E97A842D6F7569750ACD05CC6C30C8E8C08652090411835328B6AC9D8DB0F5214EA29D48A925BA7749FCD34FEE67E0F687FF00073E7C66F13F866EB49F197C1AF843E3AD1B54B66B6BCB68753BBB08EFA0752AE8CB2473A1565241041041AFCE9F16F8BE4B3F8ABAEDE786FE1CEA5E15F015FCBF69D3B444D6E3D625D0CB72F04529489A480364A028190617E6C66BF543FE0A83FF0006E5EA5F09AEF53F88DFB33E9F26A7A2E5EEF54F876642D2DB8FBCD2694EC4E7B9FB331C7642385AFCC8D23578B5833C6A93C175672B5BDDDA5C44D0DCD94AA70D14B1B6191D4820AB006BE373AAB8BA71F67888A941ECEDFE4F467F4D786181E1CC5D558DC9EAD4C3E262BDEA7CE9DD7A493E78FA6AB4D9D887C33F11749F105DADA4775E45F609FB25D235BDC71D708E031FA806BA30F5452D943AC8CA8CCBF7491CAD5947C8AF8DAD18DEF15FD7E07F4C6595AB7B3E5C44949F749AD3D1B96BF3F912F99417C8A66F146F158729EA7B442D359F068DF433E453E50F6834F26AADA7873FE161FC58F00785B6F990EB1AFC135DAFF7ADADB3712E7D888C2FFC0AAD01BAA1F87BF12ED7E167C52F1378D278D6F26F05680BA7E9369DEF354D424C4318F72909CFA29635CB8E9558E16ACB0EAF3E56A3FE297BB0FF00C9A48F8DE3CC742864F38C9FF11A8FC9BBCD7FE00A47A0FF00C1497E3E47E2DF1049E07B1937685E0E806B7E24656F96799537DB59B7B749587B463BD7D63FB1659E97FB397ECA5F0BFC39AEDF5AE99A96B11470451CEC11EF750B90F73246A3A9724C871E8B5F9DF65F0FAE7C45FF0008DF86B5099B50D6FE217892DE3D5EE0FDEB93249E75CB1FF64471B803A050057D351FC4F7FDA5BFE0AE1E0FF0CE9EDE6785FE0F69B7B7AE14E6396FCC49148DE9FBBF3E28FD983D7E61C5DC374E9E514724A2ED4E8C2AD7A925D5C2368BFF00B7E727157DA36EC7E2FC4909E02B539568DEB494135FCAEACAFC9FF70E9C62DF472936BE23EBF3FB4CF84ECBF68DB7F85335EB47E2EBAD1BFB7218980F2A587CC64281B39F306C67DB8FBA335F38FF00C14E7C417BFB2BFC65F85FF1FB4D8A692CF46B96F0BF8A618C7FC7CE9B704B26EF5F2E4DECB9FE265A6F853E095F7ED43E12F893F15B409A3B6F1C3F8BDEFBC0F7EDD23874B5FB2C5113FF003CA72B74AE3A11367B0AF51F8851E97FF0511FD84759B7B5B736B3789B4B9226B49C7EF74AD4E06DDE4C83A878AE2300FD33D0D7E6597E170593E654310EF2A49AA3898BE8E71B4FE567251EAA74DBD343E4EA54AD8BA33A6B49FC74DAEBCAEF1F9DD2BF949799F3DFFC152B45B3BABFF865F14349962BAD2EE98E953DD447724F6B78824B77DDFDD12AAE3FEBAD7C7BF1BBE1B6A575672EB7E1493C9D5A0963BC96D87DDBB923FBAE076902965CFF0012B153DABD97F661F1BDCFED0DFB14F8C7E09EB0CEBAF683A736A3E1C131F9D638DF72C03BEEB7BA8F67B2B27615E7FE0AF17FFC247E15D3B511F2B5D40923A9EA8D8F994FB86C8FC2BFA3B8230F5F2CC3CF29ACF9A5859B8A6F695397BF4DFCEF2F46ADBA3F42E1F961737C255C0E2F455146A45A769426928C9C1F4B5A124FAA96B74F5D5F85BF1120F895E0AB3D5A10619641E5DCC0DC35BCCBC3A11EC7D7B62BA649F7573367730DA871045143E6B991F6285DEC7A938EA4FAD685AEA15F435E8A726E0ACBA23F67CA731A91A10A7899A94D249C92B5DF576D6D7DEC6C0969CD2D528EE77734AF755CDECD9EDCB169AD09E47DD50C92530DCFBD432DCD68A99CB5318AC24D2D6378935FB3D02C24B9BDBA82D604196795C228FC4D43E2BD2AFB5C9235B7D62E34DB600F9896F1219243FEFB03B47D067DEB91F127C3BB3D334B9AF6C63926D6ECF1756777752B5C4A93C64491905C9C7CCA381815E96170F4DC97B496FD97FC37EA7C3F1066F8DA74AA3C2D152714DA72959376BAB25CCDEBA6BCA7D37FB1D7FC129BE3F7FC142EEAD6EBC17E11B8F0A782EE1817F17F8AA092C6C5E33D5ED61204B75DF050042472E2BF687FE09B5FF040FF00843FF04FED4ECFC577DE77C4CF8A10A7FC8CBADC0A12C1BBFD8AD7263B6FF7816931FC7DABE92FD873F685B0FDABFF0063DF86BF11B4EF2D60F17787ACF509234C6DB799A251345C700A4A1D08F55AF54AFD270997D1C3AFDDAD7BF53F87F88B8BF33CE6A396327EEFF2AD22BE5D7D5DD8514518C5769F2E2EDE28DB93499A01A0031C5382E69A4D2EEA004C62BF3A7FE0B8DFF0496F86BF1CFE09F8DBE3869D345F0F7E25F81B42BAD6AE75EB3841B7D6EDED60695A0BE87216505530B27122718623E5AFD16CF15F0AFF00C1C7DF179BE17FFC127FC73A6C3279779F102F2C3C23060FCCE2EEE144C3FEFC24D9F606B3AD183835515D5B53BB2DA989A78BA72C249C6A732E569D9A6DD959A3F9E3F057C4B6D661B3B5D5ECDF46D5AEA15992190E63B80541CC4FFC58CF2A70C3D31CD75B1C99AC9D7BC3B67E23D2859DE5BA4F6F81B41E0A11D0A91CA91D88E4547E1BD2AE343D3FECF3DF4DA808D8F9524CA3CC09D9588FBC47AE013DF9E6BF29AAA135CD1D3CBFCBFE0FDE7FA0D97D4C561E4A8D77CEADF1E89FA496D7ECE3A3EA95AEF777D06402A9F9CD479CD5CBECCF6FEB85A32F34D925E2ABF98C4D2139A7C844B14FA1662B9D8DCD798FC16D3EF3E22FC48F117882F33FD8B6BAB4A74F8CF49E6441079C7D7622155F42EFDEBD17040A82E7C65A7F841ED6D643FE917D288AD6D2DE2325C5D48C7858E24059D893D141249ADE9DD4650A71BCA5A2F2EF6F33C4CCE861ABD7C3E2B32A8A3470F2751A7A2724AD16DB764A376FCDDBB6B6AC3E2345F0E3E2F5D78A9E35B86F00F876E2F2C603FF002F1A9DDBADADA458F539949F606B7BF625D46F3E04F83BE38FC40F324BED7B40F0F5B68D6B3F592EF55BD91E638F5669DE0FD2BAAFF825CFFC12D3C75FF0574F8F7F1121B7D72E3E19F84FE1FEB16DFDB179A8E926E2EFED91C4F0C56A90332A896306E646DE7E5322E467159F7DA1DBFC05D3745F0BF87EE350F15E8973F18AE75FD5751BD09E75C68DA66A3069714F3040AA15AE1A0C6D006702BCAE29E1FAB4F00D4E3CD2AF2A7071EBC94EF5651F9A8D4FFC09763F9CB8878DB0599E678BAB424DB536E32FB2A2BF77169DEEDC9FB27B69CB7BEA7E8A7ECE1F0961F80BF033C27E10B72ACBE1FD321B3771D2591546F7CF7DCFB9B3EF5E4BACF8834FFD8F3F6D8D2ED66B88ECFC1BF1EE6900858ED8EC3C410A2E641D82DD445148EF2203FC46BE8EB6954AAE6BC1FF006F9F815E1FF8E577F082CFC4AD243A2BF8EAD349B9BB89B6C9A7FF0068C5358457087B347713C1229FEF22D7F237077FC2B67CB018D9FBB8C72849FF007A777197AAA9CB2F3B5B66CECCEBFD9305EDE8AD68D9AF45A35F38DD1F0E7ED5FF00093C63FB347EDE5E25D6BC0FE10F117882DF489478EE3FEC8B26BA482C2E9FC9BF86554CB2C464DFF300550BA138E2BCD2FA2D374AF88DE26B2D1A6F3B43BEB85F1068CDEB637EBF688D71DB63349191D8A107915FA3DF0ABE3FF883F65BFDADBE1C78A3C7A12CFC69F05BC54DF0E7E240036C57DA6EA212D96FC0EF03BB5A5DA9E8007F422B9EFDAE3FE0911E05F017FC176BC2FF000F3C64BAEE8BF0A7E3E59EAB3F82758D1AF0DACDE1FD51DBED4F6684831B225C1936C6EACBB2F50606DAFEC8E0ACA6BE2F2FA4F13EEE2682787AC9F574DDE12F3BAB4977551B3E569F1B4B27CCE35DC79E84A2A51B68DC64ACD76BC5A4BFEE1C63E67C0D1DD344D86ABD6D784AF15F6A7ED9FF00F06EAFED09FB30C579AA780DAC7E38784E00CEABA7A0B1F115BA0E7E7B563E54E71FF3C5F712384E82BE0BB2D7DB4CF11DEE89A95BDE691AE69B218EF34CD42DDED6F2D1C75592270194FD457D062B2BAF4759C74EEB63F64E1FE3ECAF32928616AFBCFECCB497DDD7E4D9D6437E546334FF00B773D6B1A2BE593A114D9F50C77AF2FD89F75FDAAD477369AFF148D7995AC03AB7352437FBCD57B1B19ACDB99DAE69CD3E4566EA172B834B3DD616B26FAFB7965CD6D4A9EA706618DF77567EDF7FC1A85FB487FC265FB28F8FBE12DDDC6EBCF85BE21377631B1E574ED4B7CF181FECACE9743DB81E95FAB3B735FCD0FF00C1BDFF00B515BFECE7FF000560F0A693737F0C3A5FC56D36E3C277711907375C5C593633D7CC8DE31FF5DABFA5D0715FA1E06AFB4A1193DEDF91FC61C5997AC1E6D5E8C7E1E6BAF496B6F95EDF21C0668618A69E6835D67CE8514514005145140057E39FFC1D77F173ED17FF00013E1B452645C6A1A8F8BAF2307A2DB42B6D093F56BB931FEE9AFD8CAFC61FF82E37FC1333F69EFDB57FE0A251F8AFE1F7C3BB2F10782348F0AD9E8BA6EA171E25B1B141279B2CD7198E493CD1F3BA8CECC1DBC135C79846A4B0F38D2576D5BEFD0FA4E10AF84A19CE1B118E972D384D49BB37F0EAB449BD5A48FCBC2EA4540D3468DF7ABEC6F0F7FC1B95FB5F788B6FDAB4FF00855E1F56EBF6BF12CB7057EBE4C06BBBF0E7FC1AC5FB42EAA54EAFF15BE10E8CADD45A69FA86A0CBFF007D7922BE2A9F0EE31EE92F9A3FA9315E3370D47E0A9297A465FAA47E7F1B941FC5435C28EF5FA81E1BFF00834C7C5136D3AE7ED170AFF78697E0D58FF232DCBFF2AF40F0E7FC1A5BF0FC15FEDFF8EBF176FF00FBC34D874DB007E9BADE522BA23C33887BC97E3FE478B5BC74C963F052A92F9457E723F1F7ED6A2AADC78AA08355B3D36DE3B9D4356D46410D9E9D65035CDE5E48780B1C480BB13EC2BF72BC2FFF0006AE7ECD7A3956D435FF008CDE20653CFDBBC58220DF85BC310AFAB7F636FF008260FC0DFD822099FE19F80F4BD2356BA045CEB3725AF755B91FDD6BA98B49B7FD9042FB57551E17F7BF7B3D3C8F0732F1F12A4D65F867CFD1CDE8BCECB7FBD1F8E1FB197FC1BE1F1EBF6AE6B5D63E20491FC0EF05DC6D7F2AE912F3C4B7919FEE40098AD891DE62CC38FDDD7EB67EC69FF048FF00833FF04FDF0FDCDCFC37F0ADADC78E65B578CF8AF5F7FB7EAD7521520179D8663427194895171FC35F50518AFA4C2E06861E36A51B7E7F79F88E7FC579AE7553DA66359CFB2DA2BD22B4F9EFE67C63FB24FECD91FF00C11DFF00E0963E309F5ABFB1D53C5DA3E9DAD78E7C5BABC058C7A9EA922CB732382C158AA811C6A4804AC60E324D7E4F7EC83FB355CF8C3FE0911FB597C48BC89A5BAF07F81AC7C33A3CCE32C6E2C5A2D775071EE6EE489491D4C27D2BF517FE0E43F8D96FF053FE0915F127ED12F95FF0963D9786C60E0BA5CDCA09947D604987D335E09F15B415FF00827B7FC1AD3AED9EB502C7E2AF1BF84E4FB642E30D3EADAF4D92847AC62E718FEEC38ED586230AAB62E9D49FC3052FBE5649FCA3CCBE679742B385095387C5371FB95DDBE6F97EE398D23C7B6FACD9C1736F20686E116443EA08C8AE5FF6A6D117E2B7ECE3E2CD0A19FC8BEB8B3FB469F283830DE40EB3DB383DB6CD1C673ED5F37FEC55FB48B7C40F00A693A87976DE20F0DC515ADEC284EC9576E239E3CF3B1C03EE195876E773F6CBF8EF79F0E7E066A173A7481754D4248F4EB0CF2166998287FF00802EE7C77D98AFF3F68F09637059ED2C2D2F76AC2A4795F9A92717E9B3BF6D4FEB2AF97D0AF8394EA5F91C5DD75ECD5BBDEEADDF43DFBFE0A5FE05D3FF006CFF00D83FE1DFED81E1FB53E4789BC210786FE2A59DBAE644B493F75F6A2A3FE5AE9D7CD264F27CA67ECA2BEB2FD8D7C1DE17FF0082BF7FC13A3E04EB9E38BABD8FC6BF0875FB0B89B53D36554BAB4D7B449D619CEE6561E5DC795975C729382083B48FCF5FF836D7F6BDD3FE1C7C5FF13FECB7E3D99754F87FF186DAE2EFC3F16A2DE6C5FDA26122FACDB7718B9841700F57460325EBEA4FF823178135AFF82627FC14C7E39FECA3AFDC5C4FE12F1441178F7E1B5DCEC4FDAEC53FD1E688B746963885BA37424DB33630C2BFBF30386A6EBCB1F47FE5EC5732EF28E89FAD9B8BEE947B1FCBB9E6171181A8F2BC5AF7A949DBD25AFDCF46BD5F73F578F22BC4BF6C5FF82747C18FDBD7C3AB63F147C09A3F88AE2DD0A5A6A7B0DBEA7A7FA186E63C4A98EB80DB7D41AF6DA2BD83C25269DD1F84FF00B647FC1AD3F10BE159BBD63E01F8CA2F1E6909975F0CF8AA64B5D55075D90DEAA8865F40255438C65C9E4FE62FC65F0AF8A3F675F19CBE1BF891E18F117807C450F5D3F59B2786490671BA26194997D1A36606BFB12AA7A9787B4FD62E2DE6BCB1B3BB9ACD8BC0F342B2340C46095247CA71DC579B88CA68547CC959F91F6F94F8859BE061ECA53F691ED2BB6BE7BFDED9FC90FC28FD953E317C7DF2FF00E105F83FF13FC551CDFEAEE2DBC3F3C36ADEFE74C123C7BEEC57D45F07BFE0DE3FDAFBE2708DAF7C1DE0DF87F049FF002D3C49E238E59107BC766B31FC377E55FD2451530C9F0CB74DFABFF2B1B623C4ACF2A3BD39AA7FE18AFF00DBB98FC52F857FF0699789756F2A4F88BF1EA1B453CC96BE13F0F0523D42CF74EFF998FF000AFA57E13FFC1AE3FB2CF808C72788ACFC79F11A74C166F11788E558E43EF1DA88131ED8AFD18C73457653C2D1A7F0452F91F338EE20CCF19FEF35E72F27276FBB63C57E037FC138FE02FECC1736D71E00F843F0FF00C2F7966C1E1BCB3D1A11771B0E8C2665326EF7DD9AF6AA28AE83C70A28A28014834633499E694B66801314E032B4DCD2EEA00422971C52519E2800EF4BD2933CD1400B8A3A7AD252EEC8A004DBCD2E2933466801C549A4028DDCD19A00FCC0FF0083883C1927ED67F1A3F643FD9CA3DD2DAFC44F88DFDBDAC44BFF0040ED3A06F3CB7FB3E5DC49D7A902BC8BFE0ED0F8EABFD99F03FE0AD8C8A91DF6A5378CB538233D2DECE336F6CAC3FBA659DC81EB10F4AFD04D7BF636D73C73FF000565D0FE38EB52E9B2F84BC0FF000F27F0E787AD4485AE63D4EEEF3CCBAB829B70A05BA24608249DE7818AFC1CFF0082DFFED191FED05FF0563F8B9ADFDA3CED0FE1CC36FE0BB070772816B1F9B75B7FEDE659471D76D70E655BD9E1A4D6FB2F9E87D6703E5CB1B9DD0A73F862F9A5DAD1F7B5F2D2DF33C07E0978FEEBC0BFB42693AC4326CD2E1922D0F531FF003D56E58633FF005CDCC0DFF036AF77FF008289DA4DAAFC3DF09D9C170D6D34FAFAB4722FF0B25ADC38CFA8CA8C8EE335F2B78923BCF0CFC25995635FED8BEDD76413F72519999B3FEC2A71FEEA8AFA7FF6EEBABCD63E1AF81350B0459251ADACCA8DD250D6570767B16CED07B122BF01E20C1C23C4180C5C6C9B728DFF00C2AE9BF9C9FDD6E87F5156A6A31A94669BE6F65392D6E9CA76715E6A2A3A2EAEFD4F9B2D35CD5AD8E9BAFE83752E8DE2DF0BDFC5A969D711B624D3EFEDDC3A60FA6E5C7A156F435FD257EC6FE24F01FF00C1617E0CFECFBFB472CD77A278FBE1BDCCED3FF6748892D95F3406DB53D327DCA49B776C36DE0902360466BF9B9D5A78ADAE61D7AD7274FD41552F0118D9D92423B153F2B67A0C67EED7DE3FF06EDFEDE1FF000C6BFB7349F0DB5EBCFB3FC3FF008E532410195F10E99AFC608818765FB4A9F28FABAC5E95FB06438CE59FB096D2DBC9F55FD7EA7E67E2C70DBAB878E694B59D3B2935F6A0FE19FF009FAB5B44FE8A7A9A5028DDCD266BEB0FE7D148C51D282D9A33C50018CD18C7AD1BB8A4CD0029A36E29334BBB9A004EA6940A3773499A005231474A0B668CF14009451450014514500145145001451450014668A2800A28A2800A28A28038DFDA27E3369FFB3AFC04F1A78F756655D37C1BA2DDEB371B9B6829042D2119F7DB8FC6BF901D2350D4BE21CF6F79AC4AD71ABF8BB50B8F116B1237DE91A594CEF9FAC8E8B8F4CD7F42FF00F0749FC6CBEF853FF04A6D6B45B286FBCBF889AEE9FE1BD42F21859A1D3EC9DDA79E499C0C468CB0797962013281DEBF9F8F0E5FADAE97A96BB0AADC0936D9E9C8A7E59554ED503FDE9588CFA015F3BC41564A1182FE9ECBF36FE47ED1E0EE5F4EA626BE26A74493FF000FC5376DECF9547FEDE2E7881BFB4345F166A27E6B7D374D9EC2DC7AC8C999587FE38BF556AFAA3F6A1F0E491FECA70DCED6371E1892C350FA245246B2FF00E423257CF30782F7F87345F0CA379D36B1A8DA583B63998C93A999BF15F318D7DD1E2DF04DBF8CBC0DAA689743FD1B54B396D24E3A2BA153FCEBF9FF008EF36861B1982A8BEC4DCBFEDD4E0BF1B33FA1B30C2CD54A94BFE5E3A716FCA727376BFF0076D14BC923E0BD7B4B8F41D7A48DD55F47D798AB291F24370C3907FD9907FE3C0F76AE56F748B86866D1C5D4F6BA8E9A52EB4BBE462B2C65183432AB75DF1B85048E7807F8ABBEB0D1E4D5FC2D71A1EB0ACBA869CCDA66A0BD1A3B884ED2C3D3240753E854D70DE2BBF996D21B791659FC55A7DDA5AD95B5BC4649F55964215238A35059BCE1C0500E1BFDDAFD432FAD29B4A9BBBD2CD7E0D7E4FE4CAE22A3849E0BEB93B7B1A9072D745CAD5E707DBACA3E69C7448FE9C7FE08B7FF0005058FFE0A29FB0CF877C4FA84912F8EBC3BFF0014FF008BED030DF0EA302856976F659976CABDB1211FC26BEB2CD7E657FC1BA9FF0004ADF885FB0EF853C5BF123E246A571A27883E2ADB5A17F05C0418347861DC6192E5BF8AF0AB90C1701012A771FBBFA6B5FA75372704E6ACEDA9FC338E8508626A430D2E6A69BE56D5AEAFA3B7A0514518C568728514019A2800A28C71450014668A2800A28A318A005DBC51B726933403400638A705CD349A5DD40098C5285C8A4CF14BBA801314E229A4E68CD003B6F34DC714668071400BB79A08C52679A33400A462976E69B9CD2EEE28033BC55E11D2FC79E1BBDD1F5AD36C758D275285ADEEECAF6059EDEE6361864746043291D88AFC69FF008294FF00C1B112E81A8CDE3CFD975A1823B5B837F75F0DF52BB65B19DF0D96D3E77C985F2C488643E5E7A32E00AFDA7273486B3AD461562E1515D1DF96E698ACBF111C560E6E138ECD7ADF55B35E4EE9F53F951FD98B41BAF12FED53FD91E22D1F54F0C6B5F0F2DE5BAD4744D62D8DADF5ADEC998515A26E4854695B70C8F990E79AFB0A53B55ABF567F6FEFF82577C2BFF8286E8B6D71E28B1BAD07C6DA3A11A2F8C744716BACE92DCE02C806248F24E6290321C9E01E6BF26BF687FD95BF696FD893C6367E0DD73E1EDFFC62FEDFB95D3FC27E2AF0A5BEDB6D5277388E2D462247D8A4032CCFCC580483C1AFE75F123C33CD3158B8E372CFDE42CA3C9B4A3AF9BB3576DB7A35D9A573FA1385FC5CC2E2A53FEDB7ECEACB5724BDD76496CAEE2EC969AA6FB3763E62FDB1FC0B71E17F8A9A06ADE19D3EE35CD7BC75709A37FC23D60BE65F6AB7614F912C11F566FE073D97613F76BF597FE08BDFF0428B5FD946EECFE317C69B6D37C41F1A2FA156D3EC5409AC7C110B027C984F492E70D879B9C10421C659BD33FE094BFF000483B5FD8F676F89DF136EAC7C65F1DB5EB7D973A8A296B1F0BC0C39B0D3D587CA832434A46F90E7381C57DC99AFD6F82F866A65397D3A58C929D64ACDF65D22BBD9697EA9763F32E35F103159C3960B0EDC30AA4E4A1DDBDDBF577928EA936DEE2918A36E69280715F667E72380CD0C314D3CD06801D8E693B52669436050028146DC0A4CE6933400A4628DB9A4A01C500380CD0C314D3CD06803FFD9, '2014-03-13 11:24:45', 'phoenixlogo', 'jpg', 'DC3AF3B07E881DE211F26B49418254FA2A271898'),
    (2, _binary 0xFFD8FFE000104A46494600010101006000600000FFDB0043000201010201010202020202020202030503030303030604040305070607070706070708090B0908080A0807070A0D0A0A0B0C0C0C0C07090E0F0D0C0E0B0C0C0CFFDB004301020202030303060303060C0807080C0C0C0C0C0C0C0C0C0C0C0C0C0C0C0C0C0C0C0C0C0C0C0C0C0C0C0C0C0C0C0C0C0C0C0C0C0C0C0C0C0C0C0C0C0C0C0C0C0CFFC00011080100010003012200021101031101FFC4001F0000010501010101010100000000000000000102030405060708090A0BFFC400B5100002010303020403050504040000017D01020300041105122131410613516107227114328191A1082342B1C11552D1F02433627282090A161718191A25262728292A3435363738393A434445464748494A535455565758595A636465666768696A737475767778797A838485868788898A92939495969798999AA2A3A4A5A6A7A8A9AAB2B3B4B5B6B7B8B9BAC2C3C4C5C6C7C8C9CAD2D3D4D5D6D7D8D9DAE1E2E3E4E5E6E7E8E9EAF1F2F3F4F5F6F7F8F9FAFFC4001F0100030101010101010101010000000000000102030405060708090A0BFFC400B51100020102040403040705040400010277000102031104052131061241510761711322328108144291A1B1C109233352F0156272D10A162434E125F11718191A262728292A35363738393A434445464748494A535455565758595A636465666768696A737475767778797A82838485868788898A92939495969798999AA2A3A4A5A6A7A8A9AAB2B3B4B5B6B7B8B9BAC2C3C4C5C6C7C8C9CAD2D3D4D5D6D7D8D9DAE2E3E4E5E6E7E8E9EAF2F3F4F5F6F7F8F9FAFFDA000C03010002110311003F00FDF6B7B78FC85F917A7A53FECF1FF717F2A2DFFD427D056778CBC63A7F807C3775AB6AB70B6BA7D9AEF9A520908338AA8A94A5CB1DCCE528C21CF2D12DD9A3F678FF00B8BF951F678FFB8BF957927FC3757C30FF00A196DFFEFDB7F851FF000DD5F0C3FE865B7FFBF6DFE15D9FD9B8CFF9F52FB99E7FF6D65DFF003FE1FF00812FF33D6FECF1FF00717F2A3ECF1FF717F2AF24FF0086EAF861FF00432DBFFDFB6FF0A3FE1BABE187FD0CB6FF00F7EDBFC28FECDC67FCFA97DCC3FB6B2EFF009FF0FF00C097F99EB7F678FF00B8BF951F678FFB8BF957927FC3757C30FF00A196DFFEFDB7F851FF000DD5F0C3FE865B7FFBF6DFE147F66E33FE7D4BEE61FDB5977FCFF87FE04BFCCF5BFB3C7FDC5FCA8FB3C7FDC5FCABC93FE1BABE187FD0CB6FFF007EDBFC28FF0086EAF861FF00432DBFFDFB6FF0A3FB3719FF003EA5F730FEDACBBFE7FC3FF025FE67ADFD9E3FEE2FE547D9E3FEE2FE55E49FF0DD5F0C3FE865B7FF00BF6DFE147FC3757C30FF00A196DFFEFDB7F851FD9B8CFF009F52FB987F6D65DFF3FE1FF812FF0033D6FECF1FF717F2A3ECF1FF00717F2AF24FF86EAF861FF432DBFF00DFB6FF000A3FE1BABE187FD0CB6FFF007EDBFC28FECDC67FCFA97DCC3FB6B2EFF9FF000FFC097F99EB7F678FFB8BF951F678FF00B8BF957927FC3757C30FFA196DFF00EFDB7F851FF0DD5F0C3FE865B7FF00BF6DFE147F66E33FE7D4BEE61FDB5977FCFF0087FE04BFCCF5BFB3C7FDC5FCA8FB3C7FDC5FCABC93FE1BABE187FD0CB6FF00F7EDBFC28FF86EAF861FF432DBFF00DFB6FF000A3FB3719FF3EA5F730FEDACBBFE7FC3FF00025FE67ADFD9E3FEE2FE547D9E3FEE2FE55E49FF000DD5F0C3FE865B7FFBF6DFE147FC3757C30FFA196DFF00EFDB7F851FD9B8CFF9F52FB987F6D65DFF003FE1FF00812FF33D6FECF1FF00717F2A3ECF1FF717F2AF24FF0086EAF861FF00432DBFFDFB6FF0A3FE1BABE187FD0CB6FF00F7EDBFC28FECDC67FCFA97DCC3FB6B2EFF009FF0FF00C097F99EB7F678FF00B8BF951F678FFB8BF957927FC3757C30FF00A196DFFEFDB7F851FF000DD5F0C3FE865B7FFBF6DFE147F66E33FE7D4BEE61FDB5977FCFF87FE04BFCCF5BFB3C7FDC5FCA8FB3C7FDC5FCABC93FE1BABE187FD0CB6FFF007EDBFC28FF0086EAF861FF00432DBFFDFB6FF0A3FB3719FF003EA5F730FEDACBBFE7FC3FF025FE67ADFD9E3FEE2FE547D9E3FEE2FE55E49FF0DD5F0C3FE865B7FF00BF6DFE147FC3757C30FF00A196DFFEFDB7F851FD9B8CFF009F52FB987F6D65DFF3FE1FF812FF0033D6FECF1FF717F2A3ECF1FF00717F2AF24FF86EAF861FF432DBFF00DFB6FF000A3FE1BABE187FD0CB6FFF007EDBFC28FECDC67FCFA97DCC3FB6B2EFF9FF000FFC097F99EB7F678FFB8BF9532E2DE3F21BE45E9E9553C25E2BB1F1C7876D755D3275B9B1BD4F321940C071EB57AE3FD43FD0D71B528CB95EE7A3194651E68EA985BFFA84FA0AF2FF00DB53FE4D97C55FF5EC3FF4215EA16FFEA13E82BCBFF6D4FF009365F157FD7B0FFD08575E5FFEF74FFC4BF3479F9C7FC8BEB7F825F933F30A8A28AFDACFE660A28A2800A28A2800A28A2800A28A2800A28A2800A28A2800A28A2800A28A2800A28A2800A28A2800A28A2800A28A2800A28A2803F51FF641FF00936EF09FFD790FFD08D7A35C7FA87FA1AF39FD907FE4DBBC27FF005E43FF004235E8D71FEA1FE86BF13C77FBD54FF13FCCFE9CCA7FDC68FF00823F920B7FF509F415E5FF00B6A7FC9B2F8ABFEBD87FE842BD42DFFD427D05797FEDA9FF0026CBE2AFFAF61FFA10A797FF00BDD3FF0012FCD119C7FC8BEB7F825F933F30A8A28AFDACFE660A28A2800A28A2800A28A2800A28A2800A28A2800A28A2800A28A2800A28A2800A28A2800A28A2800A28A2800A28A2800A28A2803F51FF00641FF936EF09FF00D790FF00D08D7A35C7FA87FA1AF39FD907FE4DBBC27FF5E43FF4235E8D71FEA1FE86BF13C77FBD54FF0013FCCFE9CCA7FDC68FF823F920B7FF00509F415E5FFB6A7FC9B2F8ABFEBD87FE842BD42DFF00D427D05797FEDA9FF26CBE2AFF00AF61FF00A10A797FFBDD3FF12FCD119C7FC8BEB7F825F933F30A8A28AFDACFE660A28A2800A28A2800A28A2800A28A2800A28A2800A28A2800A28A2800A28A2800A28A2800A28A2800A28A2800A28A2800A28A2803F51FF641FF00936EF09FFD790FFD08D7A35C7FA87FA1AF39FD907FE4DBBC27FF005E43FF004235E8D71FEA1FE86BF13C77FBD54FF13FCCFE9CCA7FDC68FF00823F920B7FF509F415E5FF00B6A7FC9B2F8ABFEBD87FE842BD42DFFD427D05797FEDA9FF0026CBE2AFFAF61FFA10A797FF00BDD3FF0012FCD119C7FC8BEB7F825F933F30A8A28AFDACFE660A28A2800A28A2800A28A2800A28A2800A28A2800A28A2800A28A2800A28A2800A28A2800A28A2800A28A2800A28A2800A28A2803F51FF00641FF936EF09FF00D790FF00D08D7A35C7FA87FA1AF39FD907FE4DBBC27FF5E43FF4235E8D71FEA1FE86BF13C77FBD54FF0013FCCFE9CCA7FDC68FF823F920B7FF00509F415E5FFB6A7FC9B2F8ABFEBD87FE842BD42DFF00D427D05797FEDA9FF26CBE2AFF00AF61FF00A10A797FFBDD3FF12FCD119C7FC8BEB7F825F933F30A8A28AFDACFE660A28A2800A28A2800A28A2800A28A2800A28A2800A28A2800A28A2800A28A2800A28A2800A28A2800A2BBCFD9B3E135AFC6CF8B561E1EBCB89AD60BB57669220370DA33DEBEAAFF008756F86FFE860D5BFEF94FF0AF271D9D6170953D9D76D3B5F6B9EFE57C338FCC293AD858A714EDBA5AFF004CF8668AFAD3E3F7FC13DB43F847F09F56F105AEB5A8DC4FA7A0658E40BB5B2C07381EF5F25D7460730A38C83A941DD276DAC7266993E272EA8A962959B57DEFA0514515DC7967EA3FEC83FF0026DDE13FFAF21FFA11AF46B8FF0050FF00435E73FB20FF00C9B7784FFEBC87FE846BD1AE3FD43FD0D7E278EFF7AA9FE27F99FD3994FF00B8D1FF00047F2416FF00EA13E82BCBFF006D4FF9365F157FD7B0FF00D0857A85BFFA84FA0AF2FF00DB53FE4D97C55FF5EC3FF4214F2FFF007BA7FE25F9A2338FF917D6FF0004BF267E61514515FB59FCCC1451450014514500145145001451450014514500145145001451450014514500145145005AD1B48B8D7F56B7B1B58DA6B9BA91628D1472CC4E057DB537FC133F45D5FE1369B025D4961E288E10F35C67747239E4A95F41D38AE1BFE09B1FB3F0F1378926F19EA5086B3D2D8C564AC3EFCBDDBF015F72D7C1F1267D56962151C2CADCBBFAF6F91FABF0670AD0AF8496271D0E6F69A453E8BBFAB7B797A9F09FECCBFB39F8A3E067ED61A3C3AD69F22DB6C94477718DD0C836FF007BB7D0D7DD94D68D5C8255495E848E94EAF95CCF329E36A2AB5159A56D3A9F7791E4B4B2CA52A145B71726D5FA5D2D3F03CBBF6CCB09B53FD9CBC456F6F0C93CD2C68A91C6A5998EF1C015F2E7ECF7FF0004E4D6BC6FE46A5E2C77D1B4D6C38B61FF001F128F7FEED7DE5246B2AED65565EB82334EADB079DD7C2E1DD0A1A5DDEFD7E473665C3385C7E3238AC55DA8AB28F4DDBD7FC8FCF5FDBA7F653B5F81BAAD8EA9A0DBC8BA0DE2089949DDE4CA3D4FBF5AF9E6BF59FE337C2FB2F8C3F0EB52D06F954ADDC67CB62398DC7DD61F8D7E5778EBC1D79F0FFC5FA868D7C863BAD3E6685C1EF83D7F1AFBAE19CD9E2A87B2AAEF38FE2BB9F9771BE42B038A55E82B539F45B27D57EA8FD31FD907FE4DBBC27FF5E43FF4235E8D71FEA1FE86BCE7F641FF00936EF09FFD790FFD08D7A35C7FA87FA1AFCE71DFEF553FC4FF0033F64CA7FDC68FF823F920B7FF00509F415E5FFB6A7FC9B2F8ABFEBD87FE842BD42DFF00D427D05797FEDA9FF26CBE2AFF00AF61FF00A10A797FFBDD3FF12FCD119C7FC8BEB7F825F933F30ABB8F877FB3A78C3E2B68ADA8683A3CD7D66B218CC8A46030EA2B87AFD00FF82627FC906BAFFB0849FD2BF53CF3309E0B0DEDA9A4DDD2D7CCFC2386328A599637EAD59B4ACDE9BE87CABFF0C4DF12FF00E85ABAFF00BE851FF0C4DF12FF00E85ABAFF00BE857E9D515F1DFEB962FF00923F8FF99FA37FC437C07FCFC9FE1FE47E62FF00C3137C4BFF00A16AEBFEFA147FC3137C4BFF00A16AEBFEFA15FA75451FEB962FF923F8FF00987FC437C07FCFC9FE1FE47E62FF00C3137C4BFF00A16AEBFEFA147FC3137C4BFF00A16AEBFEFA15FA75451FEB962FF923F8FF00987FC437C07FCFC9FE1FE47E43F8E7C05AB7C37F1049A5EB5672D8DF440168DC763D08AC7AFD14FDBAFF006665F8CDE056D5F4D857FE120D1D0BA6D1CDC463929F5EE2BF3B6785ADA668E4565923255948E4115F679366B1C750F69B4968D7F5D19F9BF126433CAF15EC9EB07AC5F75FE6BA8DA28A2BD63E7C29D042D7332C71AB349210AAA07249A6D7D41FF04F5FD987FE13BF112F8BF59B7DDA569AFF00E891BAF17128EFF45FE75C78FC753C250957A9B2FC5F63D2CA72CAB8FC5470D4777BBECBAB3CC6D3F62FF8917B6B1CD1F86AEB64AA197240383527FC3137C4BFFA16AEBFEFA15FA7406D181D0515F07FEB962BF923F8FF0099FAB7FC437C075A92FC3FC8FCC5FF008626F897FF0042D5D7FDF428FF008626F897FF0042D5D7FDF42BF4EA8A5FEB962FF923F8FF00987FC437C07FCFC9FE1FE47E62FF00C3137C4BFF00A16AEBFEFA15E7FE35F056A5F0F3C4971A4EAF6AD67A85AE3CD89BAAE4023F435FAF55F9A5FB7C7FC9D37893EB0FFE8A4AF6F21CFEBE3ABBA5522924AFA5FBA3E678AF84B0D95E1235E8CA4DB925ADBB37D1791CE7C11FDA5FC53F01B5057D1EF59AC99B32D9CA774327AF1D8FB8AFBE3F662FDAA6C7F68BD224F2F4FBCD3F50B550665642613EEAFD3F0EB5F2FF00EC3BFB22F87FE3869F36B9AD6A1F6886C67F2DB4E88ED6CF505CFA1F6AFB9BC2BE0FD33C11A44561A4D8DBD8DAC236AC712051F8FAD793C538AC14A6E9421FBC5BBDBEFEFF00D6A7D0702E07348528D69D4FDCBDA2F5BFA7F2FF005A1A5451457C59FA50543A85F2E9B6135C481DA3850BB045DCC4019E077A9A8A3D41DEDA1F13FED23FF0519D52EAEAEB45F08DA4DA52464C725E5C26D98F63B54FDDFA9AF94358D66EBC41A94D797B712DD5D5C31792591B7339F735FA65F1E3F643F097C73B4965BBB55D3F54C12B7B6EA15F3FED0E8DF8D7E707C4BF08C3E03F1D6A5A3DBDF43A945A7CCD08B88C6164C57EA1C358AC154A7C986872C92D7ABFBFFAF43F0DE35C0E674AB2AB8DA9CF06FDDB6897972F4FC7D4FD2BFD907FE4DBBC27FF005E43FF004235E8D71FEA1FE86BCE7F641FF936EF09FF00D790FF00D08D7A35C7FA87FA1AFCEF1DFEF553FC4FF33F62CA7FDC68FF00823F920B7FF509F415E5FF00B6A7FC9B2F8ABFEBD87FE842BD42DFFD427D05797FEDA9FF0026CBE2AFFAF61FFA10A797FF00BDD3FF0012FCD119C7FC8BEB7F825F933F30ABF403FE0989FF00241AEBFEC2127F4AFCFF00AFD00FF82627FC906BAFFB0849FD2BF45E2DFF0070F9A3F1DF0FFF00E46CBFC32FD0FA428A28AFCB4FDD428A28A0028A28A0008DC307A1AF83BFE0A15FB30FFC207E236F1768F6F8D2B537FF004B8D0716F29EFF0046FE75F78D65F8D7C1D63E3FF0B5EE8FA942B3D9DF446391587AF71EE2BD4CA7329E0B10AAADB66BBA3C3E20C969E67847425F16F17D9FF93D99F90745777FB447C10BEF80FF00122EF47BA566B62C64B49B1F2CD19E87EA3A1AE3348D2AE35DD4EDECED6269AE6EA411C68A325989C0AFD7E956854A6AAC1FBAD5EE7F3B57C355A355D0A8AD24ECD799DA7ECEDF042FBE3CFC48B4D1ED5596D43092EE60388620793F5EC2BF503C15E0FB1F00F85ACB47D361582CEC621146AA31D3B9F73D6BCE7F643FD9D6DFE00FC368629A356D6B50026BD971C83D907B0AF5AAFCBB88B3778CAFC94DFB91DBCDF7FF0023F75E0FE1E597617DA555FBD9EAFC9745FE7E61451457CE9F601451450015F9A5FB7C7FC9D37893EB0FFE8A4AFD2DAFCD2FDBE3FE4E9BC49F587FF45257D7706FFBE4BFC2FF00347E7FE23FFC8B61FE35F94887F633F8F727C0DF8B56D24F230D1F5422DAF173C282787FC0D7E97DB5D47776B1CD1BAB4522875607820F20D7E3983835EB57FF00B68F8E2E7E17D8F85A1D43EC96B671792D711713CC9D816F61C715EF67DC3F2C6558D5A364F677EDDCF91E13E2F865B42787C4A728EF1B77EABC93DFEF3F4125F8F9E17FF858D6BE1587528AEB5ABADC7C980EFF002B68C9DC7A0FA57655F9B7FB03DC4977FB51E8F24AED248E931666392C76FAD7E9257C6E7996C3035A3460EFA5DBF3BB3F49E17CEEA669869E22A4547DE6925DACBF1D4C5F887E3ED3FE18F84AEB5AD51A45B1B3DA65645DC54120671F8D3BC13F10347F88BA2C7A868BA85BEA16B20C8689F38F623A83F5AE07F6DAFF009367F137FD715FFD0C57E75FC32F8C3E22F843ADA5F683A95C59C8A4168C3663947A32F435D994E40B1D8595584AD24EDE4F4479D9FF00163CAB1F0A3521CD4E51BBB6E9DDAF9FA1FA09FB6DFC7D4F827F09E78ED6451AC6B0AD6F6AA0FCC808F99FF015F9AF34CD71334923333C84B3313C926BB4F8E9F1E35AF8FDE288B54D61A35786158638A3FF005698EA40F73CD7135F7191657F51C3F2CBE27ABFF2F91F97F1567DFDA78CE787F0E3A457E6FD59FA8FFB20FF00C9B7784FFEBC87FE846BD1AE3FD43FD0D79CFEC83FF26DDE13FF00AF21FF00A11AF46B8FF50FF435F96E3BFDEAA7F89FE67EED94FF00B8D1FF00047F2416FF00EA13E82BCBFF006D4FF9365F157FD7B0FF00D0857A85BFFA84FA0AF2FF00DB53FE4D97C55FF5EC3FF4214F2FFF007BA7FE25F9A2338FF917D6FF0004BF267E6157DF9FF04C9BC860F81174B24B1A37F6849C3301E95F01D5ED3BC4FA968F079769A85EDAC64E76453322E7E80D7EAF9C65CF1B87F60A5CBAA77DF63F02E1DCE16598CFAD38F368D5AF6DCFD7CFED2B7FF9F887FEFB15303B8715F91565E3CD70DE43FF00138D53EF8FF97A7F5FAD7EADFC3795A6F0068ACCCCCCD6511249E49DA2BF39CEB23797C62DCF9B9AFD2DB1FB270DF14473694E2A9F2F2DBADEF7F9236A8A28AF04FAC0A28A2800A28A2803C97F6BEFD9D6DFE3F7C3796386355D6B4E532D94B8E49EE9F435E2FF00F04FCFD936E346D526F177892CDA1B8B57686C6DE55E55870D211FCABEC2A15428C018FA57AD4738C452C24B0717EEBFC1754BD4F0713C3B84AF9843319AF7A3D3A37D1BF35FE5D828A28AF24F7828A28A0028A28A002BF34BF6F8FF0093A6F127D61FFD1495FA5B5F9A5FB7C7FC9D37893EB0FF00E8A4AFAEE0DFF7C97F85FE68FCFF00C47FF916C3FC6BF291E39451457E947E266CF80BC7DAA7C33F12C3ABE8F706D6FEDC1092019C67835E8FFF000DD9F133FE8606FF00BF42BC7E8AE6AD83A1565CD560A4FCD2676E1F32C5E1E3C942A4A2B7B26D1E97E34FDAE7C79F107C3573A4EABACB5C58DE00B2C7E581B8039AF34A28ABA387A74972D28A8AF25632C462EBE225CF5E6E4FBB770A28A2B639CFD47FD907FE4DBBC27FF5E43FF4235E8D71FEA1FE86BCE7F641FF00936EF09FFD790FFD08D7A35C7FA87FA1AFC4F1DFEF553FC4FF0033FA7329FF0071A3FE08FE482DFF00D427D05797FEDA9FF26CBE2AFF00AF61FF00A10AF50B7FF509F415E5FF00B6A7FC9B2F8ABFEBD87FE8429E5FFEF74FFC4BF344671FF22FADFE097E4CFCC2A28A2BF6B3F99896C7FE3F61FF007D7F9D7EB7FC33FF009279A27FD7945FFA00AFC90B1FF8FD87FDF5FE75FADFF0CFFE49E689FF005E517FE802BE1F8D7E0A5EAFF43F52F0CFF895FD23FA9B9451457E7E7EB414514500145145001451450014514500145145001451450015F9A5FB7C7FC9D37893EB0FFE8A4AFD2DAFCD2FDBE3FE4E9BC49F587FF45257D7706FFBE4BFC2FF00347E7FE23FFC8B61FE35F948F1CA28A2BF4A3F130A28A2800A28A2800A28A2803F51FF00641FF936EF09FF00D790FF00D08D7A35C7FA87FA1AF39FD907FE4DBBC27FF5E43FF4235E8D71FEA1FE86BF13C77FBD54FF0013FCCFE9CCA7FDC68FF823F920B7FF00509F415E5FFB6A7FC9B2F8ABFEBD87FE842BD42DFF00D427D05797FEDA9FF26CBE2AFF00AF61FF00A10A797FFBDD3FF12FCD119C7FC8BEB7F825F933F30A8A28AFDACFE6625B1FF8FD87FDF5FE75FADFF0CFFE49E689FF005E517FE802BF242C7FE3F61FF7D7F9D7EB7FC33FF9279A27FD7945FF00A00AF87E35F8297ABFD0FD4BC33FE257F48FEA6E514515F9F9FAD051451400514514005145140051451400514514005145140057E697EDF1FF00274DE24FAC3FFA292BF4B6BF34BF6F8FF93A6F127D61FF00D1495F5DC1BFEF92FF000BFCD1F9FF0088FF00F22D87F8D7E523C728A28AFD28FC4C28A28A0028A28A0028A28A00FD47FD907FE4DBBC27FF005E43FF004235E8D71FEA1FE86BCE7F641FF936EF09FF00D790FF00D08D7A35C7FA87FA1AFC4F1DFEF553FC4FF33FA7329FF71A3FE08FE482DFFD427D05797FEDA9FF0026CBE2AFFAF61FFA10AF50B7FF00509F415E5FFB6A7FC9B2F8ABFEBD87FE8429E5FF00EF74FF00C4BF344671FF0022FADFE097E4CFCC2A28A2BF6B3F99896C7FE3F61FF7D7F9D7EB7FC33FF9279A27FD7945FF00A00AFC90B1FF008FD87FDF5FE75FADFF000CFF00E49E689FF5E517FE802BE1F8D7E0A5EAFF0043F52F0CFF00895FD23FA9B9451457E7E7EB4145145007927C1FFDA3E1F177C5CF1378335078E3D4B49B96FB21E9F688BD3EA3F957ADD7E65FC7DF19DFFC3EFDAD35CD634D99A0BCB1D44C88CA7AE31C1F63D2BEFAFD9EBE36D8FC77F86F67AC5A32ADC6D11DDC39E6194751FD457D1675947B0A74F13497BB24AFE4EDFA9F1DC37C44B155AAE0AB3F7E1295BCE37FCD7E4775451457CE9F6215C3FED07F1AEC7E047C38BCD6AED95A60A63B5873CCD29E83FC6BB0D53538346D3A6BBBA9161B7B743248EC70154724D7E6AFED85FB46CFF1F3E23CAD6F23AE87A6B18ACA3CF0C075723D4FF2AF7321CA5E3711697C11D5FF0097CCF97E2ACFE396612F1FE24B48AFD7E5F99FA1FF00087C4B71E31F85DE1FD5AEC8373A8D8C57129038DCCA09AE8EB8BFD9D3FE483F843FEC136FFF00A00AED2BC9C4C52AB24BBBFCCF7B05272C3D394B7715F9051451589D415F9A5FB7C7FC9D37893EB0FF00E8A4AFD2DAFCD2FDBE3FE4E9BC49F587FF0045257D7706FF00BE4BFC2FF347E7FE23FF00C8B61FE35F948F1CA28A2BF4A3F130A28A2800A28A2800A28A2803F51FF641FF00936EF09FFD790FFD08D7A35C7FA87FA1AF39FD907FE4DBBC27FF005E43FF004235E8D71FEA1FE86BF13C77FBD54FF13FCCFE9CCA7FDC68FF00823F920B7FF509F415E5FF00B6A7FC9B2F8ABFEBD87FE842BD42DFFD427D05797FEDA9FF0026CBE2AFFAF61FFA10A797FF00BDD3FF0012FCD119C7FC8BEB7F825F933F30A8A28AFDACFE6625B1FF008FD87FDF5FE75FADFF000CFF00E49E689FF5E517FE802BF242C7FE3F61FF007D7F9D7EB7FC33FF009279A27FD7945FFA00AF87E35F8297ABFD0FD4BC33FE257F48FEA6E514515F9F9FAD051451401F96BFB5AFFC9C4F8ABFEBF5BFA56BFEC7BFB46DC7C03F88F134F233687A9308AF62CF0B9E9201EA3F95647ED6BFF2713E2AFF00AFD6FE95E735FB351C3C2BE06346A2BA715F91FCDB88C655C2E693C451769466DAFBD9FB11A5EA706B3A743776B22CD6F708248DD4E4329E41AB15F1EFFC13A3F69FFB444BE05D6AE3E78C674C95DBEF0EF1FE1DABDBFF006B3FDA16D7E007C359EE95D5B58BE061B1873C963FC47D875AFCBF159457A58CFAA2576DE9E6BBFF0099FBA6078870B88CBBFB41BB452F7BC9ADD7F9773C47FE0A2FFB4FFD9206F02E8B71FBC9067539636FBA3B47F8F7AF8C2AD6B7AD5CF88B57B8BEBC99E7BABA90CB2C8C725989C9AAB5FA965797C307415187CDF767E139E6715732C5CB13536D92ECBA2FF3F33F573F674FF920FE10FF00B04DBFFE802BB4AE2FF674FF00920FE10FFB04DBFF00E802BB4AFC7F15FC79FABFCCFE89CBFF00DD69FF00857E4828A28AE73AC2BF34BF6F8FF93A6F127D61FF00D1495FA5B5F9A5FB7C7FC9D37893EB0FFE8A4AFAEE0DFF007C97F85FE68FCFFC47FF00916C3FC6BF291E39451457E947E261451450014514500145145007EA3FEC83FF0026DDE13FFAF21FFA11AF46B8FF0050FF00435E73FB20FF00C9B7784FFEBC87FE846BD1AE3FD43FD0D7E278EFF7AA9FE27F99FD3994FF00B8D1FF00047F2416FF00EA13E82BCBFF006D4FF9365F157FD7B0FF00D0857A85BFFA84FA0AF2FF00DB53FE4D97C55FF5EC3FF4214F2FFF007BA7FE25F9A2338FF917D6FF0004BF267E61514515FB59FCCC3A193C9955C7F0906BE98D03FE0A7BE28F0FE8769631F87B4478ECE2585599E4CB0518E79AF9968AE3C5E5F87C524ABC79ADB1E8E5F9B62F02DBC2CDC79B7B5BF53EA6FF0087AAF8ABFE85BD0BFEFB97FC68FF0087AAF8ABFE85BD0BFEFB97FC6BE59A2B8BFD5FCBBFE7D2FC7FCCF4FF00D6ECE3FE7FBFC3FC8FA9BFE1EABE2AFF00A16F42FF00BEE5FF001A3FE1EABE2AFF00A16F42FF00BEE5FF001AF9668A3FD5FCBBFE7D2FC7FCC3FD6ECE3FE7FBFC3FC8DDF897E3CB8F89BE39D4B5EBA862B7B8D4A532BC7193B549F4CF35854515EBC20A11518EC8F9EA9525526E73776DDDFAB2D68BACDCF87B56B7BEB399A0BAB5904B148A705581C8AE9BE33FC6FD73E3A788E3D4B5A983490C2B0C71A7DC4007240F53D4D71F454CA8C1CD546BDE5B3F52E388AB1A6E8C64F95B4DAE8DAD828A28AD0C4FA43C0BFF000529F12F813C1BA5E8B6FA068D343A5DB25B248EF26E70A3009C1EBC56B7FC3D57C55FF42DE85FF7DCBFE35F2CD15E3CB21CBE4DC9D2577EBFE67D0C38B3368454235DD969D3FC8FA9BFE1EABE2AFF00A16F42FF00BEE5FF001A3FE1EABE2AFF00A16F42FF00BEE5FF001AF9668A5FEAFE5DFF003E97E3FE65FF00ADD9C7FCFF007F87F91F537FC3D57C55FF0042DE85FF007DCBFE35E05F19FE2A5D7C69F88B7FE24BDB782D2E750D9BE284928BB542F19E7B572D4574E172BC2E1A7CF420A2F6EA70E3B3DC7E369AA58AA8E514EF676DFE4828A28AF40F2428A28A0028A28A0028A28A00FD47FD907FE4DBBC27FF005E43FF004235E8D71FEA1FE86BCE7F641FF936EF09FF00D790FF00D08D7A35C7FA87FA1AFC4F1DFEF553FC4FF33FA7329FF71A3FE08FE482DFFD427D0550F16784F4FF001CF87EE74BD52D92F2C2F176CB137471D6AE5BDC47E42FCEBD3D69FF00688FFBEBF9D72A728CB9A3B9D928C651E596A99E5FFF000C57F0CBFE855B1FFBE9BFC68FF862BF865FF42AD8FF00DF4DFE35EA1F688FFBEBF9D1F688FF00BEBF9D75FF006862FF00E7E4BEF670FF0063E5FF00F3E61FF80AFF0023CBFF00E18AFE197FD0AB63FF007D37F8D1FF000C57F0CBFE855B1FFBE9BFC6BD43ED11FF007D7F3A3ED11FF7D7F3A3FB4317FF003F25F7B0FEC7CBFF00E7CC3FF015FE4797FF00C315FC32FF00A156C7FEFA6FF1A3FE18AFE197FD0AB63FF7D37F8D7A87DA23FEFAFE747DA23FEFAFE747F6862FFE7E4BEF61FD8F97FF00CF987FE02BFC8F2FFF00862BF865FF0042AD8FFDF4DFE347FC315FC32FFA156C7FEFA6FF001AF50FB447FDF5FCE8FB447FDF5FCE8FED0C5FFCFC97DEC3FB1F2FFF009F30FF00C057F91E5FFF000C57F0CBFE855B1FFBE9BFC68FF862BF865FF42AD8FF00DF4DFE35EA1F688FFBEBF9D1F688FF00BEBF9D1FDA18BFF9F92FBD87F63E5FFF003E61FF0080AFF23CBFFE18AFE197FD0AB63FF7D37F8D1FF0C57F0CBFE855B1FF00BE9BFC6BD43ED11FF7D7F3A3ED11FF007D7F3A3FB4317FF3F25F7B0FEC7CBFFE7CC3FF00015FE4797FFC315FC32FFA156C7FEFA6FF001A3FE18AFE197FD0AB63FF007D37F8D7A87DA23FEFAFE747DA23FEFAFE747F6862FF00E7E4BEF61FD8F97FFCF987FE02BFC8F2FF00F862BF865FF42AD8FF00DF4DFE347FC315FC32FF00A156C7FEFA6FF1AF50FB447FDF5FCE8FB447FDF5FCE8FED0C5FF00CFC97DEC3FB1F2FF00F9F30FFC057F91E5FF00F0C57F0CBFE855B1FF00BE9BFC68FF00862BF865FF0042AD8FFDF4DFE35EA1F688FF00BEBF9D1F688FFBEBF9D1FDA18BFF009F92FBD87F63E5FF00F3E61FF80AFF0023CBFF00E18AFE197FD0AB63FF007D37F8D1FF000C57F0CBFE855B1FFBE9BFC6BD43ED11FF007D7F3A3ED11FF7D7F3A3FB4317FF003F25F7B0FEC7CBFF00E7CC3FF015FE4797FF00C315FC32FF00A156C7FEFA6FF1A3FE18AFE197FD0AB63FF7D37F8D7A87DA23FEFAFE747DA23FEFAFE747F6862FFE7E4BEF61FD8F97FF00CF987FE02BFC8F2FFF00862BF865FF0042AD8FFDF4DFE347FC315FC32FFA156C7FEFA6FF001AF50FB447FDF5FCE8FB447FDF5FCE8FED0C5FFCFC97DEC3FB1F2FFF009F30FF00C057F91E5FFF000C57F0CBFE855B1FFBE9BFC68FF862BF865FF42AD8FF00DF4DFE35EA1F688FFBEBF9D1F688FF00BEBF9D1FDA18BFF9F92FBD87F63E5FFF003E61FF0080AFF23CBFFE18AFE197FD0AB63FF7D37F8D1FF0C57F0CBFE855B1FF00BE9BFC6BD43ED11FF7D7F3A3ED11FF007D7F3A3FB4317FF3F25F7B0FEC7CBFFE7CC3FF00015FE453F0BF862C7C19A0DB697A6DBADAD8D9AEC8625E883D2AE5C7FA87FA1A3ED11FF7D7F3A65C5C47E437CEBD3D6B91B6DDDEE77C54631E58E891FFD9, '2014-03-13 11:24:45', 'minestarlogo', 'jpg', 'AB1876D852A4C9B17CEB610E4F10D1576AD6382C');

INSERT INTO `details` (`id`, `room`, `weekday`, `startTime`, `endTime`, `interval`, `startDate`, `endDate`) VALUES
    (1, 'G16-H5', 1, '12:15:00', '13:45:00', 'P1W', '2013-10-14', '2014-01-31'),
    (2, 'G16-H5', 4, '12:15:00', '13:45:00', 'P1W', '2013-10-21', '2014-01-31'),
    (6, 'G29-E037', 2, '14:15:00', '15:45:00', 'P1W', '2013-10-21', '2014-01-31'),
    (7, 'G29-E037', 2, '16:15:00', '17:45:00', 'P1W', '2013-10-21', '2014-01-31'),
    (9, 'G29-E037', 3, '10:15:00', '11:45:00', 'P1W', '2013-10-21', '2014-01-31'),
    (10, 'G29-E037', 3, '12:15:00', '13:45:00', 'P1W', '2013-10-21', '2014-01-31'),
    (3, 'G29-K058', 1, '12:15:00', '13:45:00', 'P1W', '2013-10-21', '2014-01-31'),
    (4, 'G29-K058', 1, '16:00:00', '17:30:00', 'P1W', '2013-10-21', '2014-01-31'),
    (11, 'G29-K058', 3, '16:15:00', '17:45:00', 'P1W', '2013-10-21', '2014-01-31'),
    (5, 'G29-K059', 2, '10:15:00', '11:45:00', 'P1W', '2013-10-21', '2014-01-31'),
    (8, 'G29-K059', 3, '10:15:00', '11:45:00', 'P1W', '2013-10-21', '2014-01-31');

INSERT INTO `lecture` (`id`, `title`) VALUES
    (1, 'Einfhrung in die Informatik');

INSERT INTO `lectureDetails` (`lecture_id`, `additionalInfo_id`) VALUES
    (1, 1),
    (1, 2);

INSERT INTO `lectureGroup` (`id`, `name`, `maxMember`, `submissionDeadlineTime`, `submissionDeadlineWeekday`, `lecture`) VALUES
    (1, 'Gruppe 1', 24, '11:00:00', 1, 1),
    (2, 'Gruppe 2', 22, '11:00:00', 4, 1),
    (3, 'Gruppe 3', 22, '11:00:00', 1, 1),
    (5, 'Gruppe 4', 22, '11:00:00', 1, 1),
    (6, 'Gruppe 5', 22, '11:00:00', 1, 1),
    (7, 'Gruppe 6', 24, '11:00:00', 1, 1),
    (8, 'Gruppe 7', 23, '11:00:00', 1, 1),
    (9, 'Gruppe 8', 22, '11:00:00', 1, 1),
    (10, 'Gruppe 9', 22, '11:00:00', 1, 1);

INSERT INTO `lectureGroupDetails` (`group_id`, `additionalInfo_id`) VALUES
    (1, 3),
    (2, 4),
    (3, 5),
    (5, 6),
    (6, 7),
    (7, 8),
    (8, 9),
    (9, 10),
    (10, 11);

INSERT INTO `lectureGroupTaskSheet` (`id`, `defaultDeadline`, `defaultReleaseDate`, `taskSheet`, `lectureGroup`) VALUES
    (3, DATE_ADD(NOW(), INTERVAL 7 DAY), NOW(), 1, 1),
    (4, DATE_ADD(NOW(), INTERVAL 7 DAY), NOW(), 1, 2),
    (1, '2014-04-21 10:00:00', '2014-04-17 17:55:00', 1, 3),
    (2, '2014-04-21 10:00:00', '2014-04-17 17:55:00', 1, 5),
    (5, '2014-04-21 12:00:00', '2014-04-17 17:55:00', 1, 10),
    (6, '2014-04-21 08:00:00', '2014-04-17 17:55:00', 1, 9),
    (7, '2014-04-21 10:00:00', '2014-04-17 17:55:00', 1, 8),
    (8, '2014-04-21 10:00:00', '2014-04-17 17:55:00', 1, 7),
    (9, '2014-04-21 10:00:00', '2014-04-17 17:55:00', 1, 6);

INSERT INTO `task` (`id`, `title`, `description`, `isAutomaticTest`, `backend`, `disallowedContent`) VALUES
    (1, 'Perfekte Zahl', 'Eine <strong>natrliche Zahl</strong> <em>n</em> heit perfekt oder vollkommen, wenn die Summe ihrer Teiler gleich n ist. Dabei sind die Teiler echt kleiner als <em>n</em>\r\n<p>. Beispielsweise ist 6 = 1 + 2 + 3 eine perfekte Zahl.</p>\r\n<p>&nbsp;</p>\r\nGeben Sie einen Algorithmus als <strong>Pseudocode</strong> an, der fr eine gegebene Zahl bestimmt, ob sie perfekt ist.', 0, NULL, NULL),
    (2, 'Kubikwurzel nach Heron', 'Erweitern Sie die Lsungsidee fr die Berechnung der Quadratwurzel nach Heron (siehe Vorlesungsfolien, Teil01, Folie 10) fr die Berechnung der Kubikwurzel. Beschreiben Sie diesen Algorithmus im <strong>Pseudocode</strong>\r\n<p>.</p>\r\n<p>&nbsp;</p>\r\n<p>\r\nTipp:</p>\r\nAnstatt der Lnge der Seite eines Quadrats mit Flcheninhalt <em>a</em> (Quadratwurzel in Vorlesung) bentigt man fr die dritte Wurzel von <em>v</em> die Lnge der Seite eines Kubus mit Rauminhalt <em>v</em>. Entwerfen Sie einen Algorithmus <strong>kubik</strong>, der einen Quader solange verndert bis annhernd alle Seiten gleich lang sind.', 0, NULL, NULL),
    (4, 'Primzahl', '<ol type="a">\r\n<li>Schreiben Sie eine Java-Methode \r\n<br /><br /><strong>public static boolean isPrime(int n)</strong>,<br /><br />\r\ndie mglichst effizient (siehe Blatt0, Aufgabe Primzahl) entscheidet, ob eine <strong>natrliche Zahl</strong> <em>n</em> eine Primzahl ist. Die Methode soll <em>true</em> zurckgeben, falls <em>n</em> eine Primzahl ist, im anderen Fall <em>false</em>.\r\n<p>&nbsp;</p>\r\n</li><li>Schreiben Sie eine weitere Methode \r\n<br /><br /><strong>public static int nextPrime(int n)</strong>,<br /><br />\r\ndie fr eine  <strong>natrliche Zahl</strong> <em>n</em> die kleinste Primzahl liefert, die grer oder gleich <em>n</em> ist.</li></ol>', 1, 'java', '{"disallowedContent":["java.io","java.nio","java.net","javax.net"]}'),
    (5, 'Backus-Naur-Form (BNF)', '<ol type="a" start="1">\r\nSchreiben Sie in Backus-Naur-Form (BNF) gltige deutsche und amerikanische Datumsangaben (erst Monat, dann Tag, siehe unten).\r\n<br />Hinweis: Zur Vereinfachung werden folgende Annahmen getroffen:\r\n<ul>\r\n<li>Alle Monate knnen 31 Tage haben, die Tage 1 bis 9 werden ohne fhrende Null angegeben.</li>\r\n<li>Monatsangaben werden ebenfalls ohne fhrende Null geschrieben.</li>\r\n<li>Die Jahresangabe sei grundstzlich vierstellig.</li>\r\n<li>Es ist sowohl die deutsche als auch amerikanische Schreibweise zulssig.</li>\r\n<li>Gltige Datumsangaben sind:\r\n<br />3.11.2006\r\n<br />9.1.2007\r\n<br />11-3-2006 oder 11/3/2006\r\n<br />1-9-2007 oder 1/9/2007\r\n<br />2006-11-3 oder 2006/11/3\r\n<br />2007-1-9 oder 2007/1/9\r\n</li></ul>\r\n</ol>', 0, NULL, NULL),
    (11, 'Befreundete Zahlen', '<p>Als befreundete Zahlen (amicable numbers) werden Paare natrlicher Zahlen (n, m) mit n  m bezeichnet, fr die gilt:</p>\r\n<p>\r\nDie Summe der echten Teiler von n ergibt m und Summe der echten Teiler von m ergibt n.</p>\r\n<p>\r\nBitte beachten Sie, dass auch 1 als Teiler von n betrachtet und mitsummiert wird, die Zahl n selbst aber nicht; beispielsweise ist die Summe der Teiler von 6 gleich 1 + 2 + 3.</p>\r\n<p>\r\nSchreiben Sie eine Java-Methode</p>\r\n<strong>public static int[][] amicablePairs(int n),</strong>\r\n<p>&nbsp;</p>\r\n<p>&nbsp;</p>\r\ndie <em>n</em>\r\n<p> Paare befreundeter Zahlen liefert (Ergebnis ist eine zweispaltige Matrix).</p>\r\n<p>&nbsp;</p>\r\nHinweise:\r\n<ul>\r\n<li>Bei der Berechnung der befreundeten Paare ist darauf zu achten, dass die erste Zahl im jeweiligen Tupel die kleinere ist und keine Dubletten auftauchen.</li>\r\n<li>Beachten Sie beim Testen, dass die Ermittlung der befreundeten Paare mitunter viel Rechenzeit bentigt. Es ist daher ratsam, das <em>n</em> recht <strong>klein</strong> zu halten.</li>\r\n<li>Diskutieren Sie dabei verschiedene Implementierungsvarianten. </li></ul>', 0, NULL, NULL),
    (12, 'Perfektes Mischen', 'Sogenanntes perfektes Mischen eines Kartenstapels mit einer <strong>geraden</strong>\r\n<p>\r\nAnzahl von Karten funktioniert wie folgt:</p>\r\nDer Kartenstapel wird in der Mitte geteilt, dann werden die beiden Hlften so ineinander gemischt, dass die Karten aus den beiden Hlften genau abwechselnd im gemischten Stapel vorkommen.\r\n<p>&nbsp;</p>\r\n<p>Beispiel: Der ursprngliche Stapel enthalte Zehn, Bube,Dame, Knig, As, Joker. Die zwei Hlften enthalten dann einerseits Zehn, Bube, Dame und andererseits Knig, As, Joker. Nach dem Zusammenfgen ergibt sich die gemischte Reihenfolge Zehn, Knig, Bube, As, Dame, Joker.</p>\r\n<p>Der Einfachheit halber reprsentieren wir den Kartenstapel dabei als Feld\r\nvon natrlichen Zahlen.</p>\r\n<ol type="a" start="1">\r\n<li>Schreiben Sie zunchst eine  Methode\r\n<br /><strong>public static int[] interleave(int[] a1, int[] a2)</strong>,<br />\r\ndie zwei als gleich lang vorausgesetzte Felder <em>a1</em> und <em>a2</em> akzeptiert (muss nicht berprft werden) und ein Feld zurckgibt, in dem die Elemente aus <em>a1</em> und <em>a2</em> abwechselnd vorkommen, wobei mit dem ersten Element von <em>a1</em> begonnen wird.\r\nBeispiel\r\n<pre>int[] a1 = {1,2,3};\r\nint[] a2 = {4,5,6};\r\nint [] c = interleave(a,b); c enthlt die Elemente 1,4,2,5,3,6</pre>\r\n</li>\r\n<li>Schreiben Sie eine  weitere Methode \r\n<br /><strong>public static int[] perfectMerge(int[] a)</strong>,<br /> \r\ndie perfektes Mischen fr Felder mit einer geraden Anzahl von Elementen realisiert. Dazu muss zunchst das bergebene Feld in der Mitte geteilt werden und danach <em>interleave</em> aufgerufen werden.<br />\r\nBeispiel:\r\n<pre>int[] a = {1,2,3,4}\r\nperfectMerge(a) ergibt dann ein Feld mit den Elementen 1,3,2,4</pre>\r\n</li>\r\n<li>\r\nWird ein Kartenspiel oft genug perfekt gemischt, kehrt es in seine ursprngliche Reihenfolge zurck. Schreiben Sie nun eine Methode \r\n<br /><strong>public static int mergeNumber(int n)</strong>, <br />\r\ndie eine beliebige gerade Zahl grsser Null als Grsse eines Kartenstapels akzeptiert und die zurckgibt, wie oft ein Kartenstapel dieser Gre hchstens perfekt gemischt werden muss, damit er seine ursprngliche Reihenfolge wieder annimmt (wobei mindestens einmal gemischt werden muss).\r\n<br />\r\nBeispiel:\r\n<pre>mergeNumber(52) ergibt 8</pre>\r\n</li></ol>', 0, NULL, NULL),
    (13, 'Rekursive Funktion interpretieren I', 'Es ist folgende Funktion gegeben:\r\n<pre>Algorithm: f(x,y)\r\nInput:     x,y ganzzahlig\r\nOutput:    ?\r\n   if y = 0 then x\r\n            else f(x-1, y-1)\r\n   fi</pre>\r\n<ol type="a" start="1">\r\n<li>Beschreiben Sie die Auswertung an mehreren Beispielen. Was berechnet diese Funktion? Fr welche Werte terminiert der Algorithmus nicht?</li>\r\n<li>berlegen Sie wie der Algorithmus zu erweitern ist, damit er fr <em>alle</em> ganzzahligen Werte terminiert. Schreiben Sie dafr eine Java-Methode \r\n<br /><br /><strong>public static int rek(int x, int y)</strong>.<br /><br /></li>\r\n<li>Formulieren Sie nun Ihren verbesserten Algorithmus als <em>iterative</em> Methode\r\n<br /><br /><strong> public static int iter(int x, int y)</strong>.<br /><br /> </li></ol>', 0, NULL, NULL),
    (14, 'Rekursive Funktion interpretieren II', '<ol type="a" start="1">\r\n\r\n<li>Gegeben sei der folgende rekursive Algorithmus fr ganze Zahlen <em>n</em>:\r\n<pre>Algorithm: f(n)\r\nInput:     n ganzzahlig\r\nOutput:    ?\r\n   if n = 1  then 1\r\n             else f(n-1) + 2*n - 1\r\n   fi</pre>\r\nErlutern Sie anhand jeweils eines kurzen Beispiels, welche Berechnung der Algorithmus in den folgenden beiden Fllen ausfhrt:\r\n<br /><br /><em>n &gt; 0  </em> und <em>n &lt; = 0</em><br /><br />\r\n</li>\r\n<li>Gegeben sei der folgende rekursive Algorithmus fr ganze Zahlen <em>x</em> und <em>y</em> (div bedeutet ganzzahlige Division):\r\n<pre>Algorithm: f(x, y)\r\nInput:     x, y ganzzahlig\r\nOutput:    ?\r\n   if y = 0  then 1\r\n             else if(x &lt; 2 * y) then f(x, x - y)\r\n                                else x * f(x - 1, y - 1) div y\r\n                  fi\r\n   fi</pre>\r\n<ul>\r\n<li>Erlutern Sie anhand der Beispiele <em>f(4,2)</em> und <em>f(8,5)</em>, welche Berechnungen der Algorithmus ausfhrt.</li>\r\n<li>Fr welche <em>x</em> und <em>y</em> terminiert der Algorithmus nicht?</li>\r\n<li>Was ist die Semantik des Algorithmus?</li></ul>\r\n</li></ol>', 0, NULL, NULL),
    (15, 'Hornerschema', 'Reelle Polynome beliebigen Grades <em>n</em> knnen als Arrays der Lnge <em>n + 1</em>\r\n<p>\r\nreprsentiert werden:</p>\r\n<p>&nbsp;</p>\r\n<img src="polynom.png" alt="" width="90%/" />\r\n<p>&nbsp;</p>\r\n<ol type="a" start="1">\r\n<li>Schreiben Sie eine Methode\r\n<br /><br /><strong>public static double evalSimple(double[] a, double x)</strong>,<br /><br />\r\ndie durch sukzessive Summation der Ausdrcke <em>a<sub>i</sub>x<sup>i</sup></em>, <em>0</em><em>i</em><em>n</em> den Funktionswert <em>f(x)</em> fr eine Variable <em>x </em>berechnet. Wieviele Schleifendurchlufe werden bentigt (in Abhngigkeit von n)?\r\n<br />\r\nHinweis: Sie drfen nur Addition und Multiplikation verwenden.</li>\r\n\r\n<li>Schreiben Sie eine weitere iterative Methode\r\n<br /><br /><strong>public static double evalHorner(double[] a, double x)</strong>,<br /><br />\r\nzur Berechnung von <em>f(x)</em> nach dem Hornerschema, d. h. nach der Formel\r\n<p><em>f(x) = (((...((a<sub>n</sub>x + a<sub>n-1</sub>)x + a<sub>n-2</sub>)...)x + a<sub>2</sub>)x + a<sub>1</sub>)x + a<sub>0</sub>.</em></p>\r\n</li><li>Bestimmen Sie die Anzahl der Schleifendurchlufe, die mit dem Horner-Verfahren bentigt werden. Vergleichen Sie die Algorithmen aus <em>a)</em> und <em>b)</em> miteinander.</li>\r\n<li>Schreiben Sie eine rekursive Variante des Hornerschemas als Methode\r\n<br /><br /><strong>public static double evalHornerRek(double[] a, double x)</strong><br /><br /></li></ol>', 0, NULL, NULL),
    (16, 'Variante der Ackermann-Funktion', 'Die folgende Funktion berechnet <strong>eine Version</strong> (nach Abelson, Sussman: Structure and Interpretation of Computer Programs) der mathematischen Funktion mit dem Namen <em>Ackermann</em>:\r\n<pre>Algorithm Ackermann (x, y):\r\n   Input: natuerliche Zahlen x, y\r\n   Output: Ackermann-Zahl\r\n   \r\n   if (y = 0) then 0\r\n   if (x = 0) then 2*y\r\n   if (y = 1) then 2\r\n   else Ackermann(x-1, Ackermann(x, y-1))</pre>\r\n<ol type="1">\r\n<li>Schreiben Sie eine Java-Methode\r\n<br /><br /> <strong>public static BigInteger ackermann(BigInteger x, BigInteger y)</strong><br /><br />\r\nzur Berechnung der Ackermann-Zahl. Hinweis: Informieren Sie sich ber die Klasse <em>BigInteger</em> in der <a class="external-link" href="http://download.oracle.com/javase/6/docs/api/index.html">Java-API</a> (http://download.oracle.com/javase/6/docs/api/index.html).</li>\r\n<li>Welches sind die Werte der Methodenaufrufe <em>ackermann(1, 10), ackermann(2, 4), ackermann(3, 3)</em>?\r\n</li>\r\n\r\n<li>Die Klasse <em>BigInteger</em> dient der Verarbeitung beliebig groer ganzer Zahlen. Warum gibt es bei der Berechnung der Ackermann-Zahl trotzdem Probleme?</li></ol>', 0, NULL, NULL),
    (17, 'Fibonacci-Zahlen', 'Eine besondere Folge von Zahlen sind die Fibonacci-Zahlen, die rekursiv definiert werden knnen als\r\n<p>&nbsp;</p>\r\n<table>\r\n<tbody>\r\n<tr>\r\n<td><em>fib</em>(x) =</td>\r\n<td>if (x = 0)  (x = 1) then 1</td>\r\n</tr>\r\n<tr>\r\n<td></td>\r\n<td>else <em>fib</em>(x-2) + <em>fib</em>(x-1)</td>\r\n</tr>\r\n<tr>\r\n<td></td>\r\n<td>fi</td>\r\n</tr>\r\n</tbody>\r\n</table>\r\n<ol type="a" start="1">\r\n<li>Schreiben Sie eine rekursive Methode \r\n<br /><br /><strong>public static BigInteger fib1(int n)</strong><br /><br />\r\nzur Berechnung der x-ten Fibonacci-Zahl.\r\nGeben Sie im Hauptprogramm die ersten 15 Fibonacci-Zahlen aus.</li>\r\n<li>Zeigen Sie am Beispiel <em>fib1(5)</em>, wie die Anzahl der Aufrufe dieser Methode wchst (Baumrekursion) (Lsung als Block-Kommentar).</li>\r\n<li>Formulieren Sie eine iterative Methode \r\n<br /><br /><strong>public static BigInteger fib2(int n)</strong><br /><br />\r\nzur Berechnung der Fibonacci-Zahlen und zeigen Sie am Beispiel <em>fib2(5)</em>, dass <em>fib2</em> effizienter arbeitet als <em>fib1</em>.\r\n<br /> Hinweis: Merken Sie sich jeweils die beiden Vorgnger in gesonderten Variablen.</li>\r\n<li>Berechnen Sie innerhalb der main-Methode nach beiden Varianten die Fibonacci-Zahl von <em>n = 23</em> und zhlen Sie dabei die notwendigen Schleifendurchlufe.</li></ol>', 0, NULL, NULL),
    (18, 'Russische Bauernmultiplikation', 'Die Russische Bauernmultiplikation (auch gyptisches Multiplizieren oder Abessinische Bauernregel genannt) ist ein einfaches Verfahren zur Multiplikation zweier <strong>natrlicher Zahlen</strong>.\r\n<p>\r\n\r\nEs war schon im Altertum bekannt, in Deutschland wurde es bis ins Mittelalter verwendet. In Russland war es bis weit in die Neuzeit blich, daher der Name.</p>\r\nDas Verfahren hat den Vorteil, dass man im Prinzip nur halbieren, verdoppeln und addieren muss.\r\n<div>&nbsp;\r\n<p>Die Berechnung erfolgt nach folgendem Algorithmus:</p>\r\n<ol type="1" start="1">\r\n<li>Man schreibt die beiden zu multiplizierenden Zahlen nebeneinander.</li>\r\n<li>Auf der linken Seite werden die Zahlen jeweils halbiert (Reste abgerundet) und die Ergebnisse untereinander geschrieben, bis man zur 1 gelangt.</li>\r\n<li>Auf der rechten Seite werden die Zahlen jeweils verdoppelt und untereinander geschrieben.</li>\r\n<li>Die rechts stehenden (verdoppelten) Zahlen werden gestrichen, wenn die links stehende Zahl gerade ist.</li>\r\n<li>Die Summe der nicht gestrichenen rechts stehenden Zahlen ergibt das gesuchte Produkt.</li></ol>\r\n<p>\r\nberprfen Sie diesen Algorithmus an einem selbst gewhlten Beispiel.</p>\r\nSchreiben Sie in Java eine&nbsp;<strong>iterative</strong>&nbsp;Methode&nbsp;<br /><br /><strong>public static int farmerMultIter(int x, int y)</strong><br /><br />und eine&nbsp;<strong>rekursive</strong>&nbsp;Methode&nbsp;<br /><br /><strong>public static int farmerMultRek(int x, int y)</strong><br /><br />fr diesen Algorithmus.\r\n<div>&nbsp;</div>\r\n</div>', 0, NULL, NULL),
    (19, 'Tabbelchen gibt Anweisungen', '1A', 0, NULL, 'null'),
    (20, 'TESTETST', 'TOLL!', 1, 'Java', '{"disallowedContent":["java.io","java.nio","java.net","javax.net"]}'),
    (21, 'Median', '<ol type="a">\r\n<li>Schreiben Sie eine Java-Methode <br /><br /><strong>public static int median(int a, int b, int c)</strong>, <br /><br /> die von drei gegebenen ganzen Zahlen den <em>Median</em> (also den mittleren Wert in der sortierten Folge) der drei Zahlen ermittelt und zur&uuml;ck liefert.\r\n<p>Beispiel: <em>median(25, 11, 33)</em> ergibt <em>25</em></p>\r\n</li>\r\n<li>Geben Sie noch eine alternative Variante zur Bestimmung des Medians als Java-Methode <em>median2</em> an.</li>\r\n<li>Wie sieht ein m&ouml;glicher Testrahmen f&uuml;r Ihre Funktion <em>median</em> aus? Reichen Sie eine entsprechende main-Methode ein. <br />Hinweis: Die main-Methode wird nicht automatisch gepr&uuml;ft aber in der &Uuml;bung diskutiert.</li>\r\n</ol>', 1, 'Java', '{"disallowedContent":["java.io","java.nio","java.net","javax.net"]}'),
    (22, 'Palindrome', '<p>Palindrome sind Zeichenketten, die von vorn und hinten gelesen das Gleiche ergeben. Bsp.: Lagerregal. Gleiches funktioniert auch mit nat&uuml;rlichen Zahlen. So ist 94549 ein Zahlenpalindrom.<br />Ziel ist nun bei einer gegebenen <strong>nat&uuml;rlichen Zahl</strong> (Dezimalzahl &gt; 0) zu bestimmen, ob sie ein Palindrom ist oder nicht. Entwickeln Sie dazu zun&auml;chst folgende Hilfsfunktionen, die bei der L&ouml;sung n&uuml;tzlich seien k&ouml;nnen.</p>\r\n<p></p>\r\n<ol type="a" start="1"><ol type="a" start="1">\r\n<li>Schreiben Sie eine Java-Methode<br /> <br /> <strong>public static int numDigits(int n)</strong>,<br /> <br />die die Anzahl an Dezimalstellen einer nat&uuml;rlichen Zahl ausgibt.<br />Bsp.: numDigits(42) ergibt 2</li>\r\n</ol></ol>\r\n<p>&nbsp;</p>\r\n<ol type="a" start="1"><ol type="a" start="1">\r\n<li>Als n&auml;chstes w&auml;re ein Zugriff auf einzelne Ziffern hilfreich. Schreiben Sie dazu eine Java-Methode<br /> <br /> <strong>public static int getDigit(int n, int index)</strong>,<br /> <br />die die i-te Dezimalziffer einer nat&uuml;rlichen Zahl ausgibt. Die Ziffern werden von <strong>hinten</strong> bei 0 begonnen zu z&auml;hlen. Die erste Ziffer ist also die mit dem Index 0.<br />Bsp.: getDigit(2012, 1) ergibt 1<br /><br /> F&uuml;r die allgemeine Nutzung der Methode <em>getDigit</em> ist es sinnvoll, bei fehlerhaften Indizes folgenderma&szlig;en vorzugehen: Ist der Index kleiner Null soll die 0te Ziffer zur&uuml;ckgeliefert werden. Ist der Index gr&ouml;&szlig;er als die Ziffernfolge lang ist, soll die letzte Ziffer (beachte Z&auml;hlung beginnt hinten!) zur&uuml;ckgeliefert werden.</li>\r\n</ol></ol>\r\n<p>&nbsp;</p>\r\n<ol type="a" start="1">\r\n<li>Schreiben Sie nun die Java-Methode<br /> <strong><br />public static boolean isPalindrome(int n)</strong>,<br /><br />die f&uuml;r eine nat&uuml;rliche Zahl bestimmt, ob sie ein Palindrom ist oder nicht.</li>\r\n</ol>', 1, 'Java', '{"disallowedContent":["java.io","java.nio","java.net","javax.net"]}'),
    (23, 'Umrechnung von Dezimal- in Dualzahl', '<p>Schreiben Sie eine Java-Methode</p>\r\n<p>&nbsp;</p>\r\n<p><strong>public static String transformDual(int dec)</strong></p>\r\n<p>&nbsp;</p>\r\n<p>&nbsp;</p>\r\n<p>zur Umwandlung einer beliebigen nat&uuml;rlichen Zahl <em>dec</em></p>\r\n<p>(dec&gt;0) in eine Dualzahl. Testen Sie diese Methode an verschiedenen Beispielen.</p>\r\n<p>Beispiel: <em>transformDual(13)</em> liefert <em>"1101"</em></p>\r\n<p>&nbsp;</p>\r\n<p>&nbsp;</p>\r\n<p>Hinweis:</p>\r\n<p>Benutzen Sie zur L&ouml;sung dieser Aufgaben <strong>keine</strong> Standardmethoden wie z. B. <em>Integer.toBinaryString(...)</em></p>', 1, 'Java', '{"disallowedContent":["java.io","java.nio","java.net","javax.net","Integer.toBinaryString"]}'),
    (24, 'Zahlenspielerei MyIntArray', '<p>Schreiben Sie eine Klasse <em>MyIntArray</em> mit verschiedenen Methoden:</p>\r\n<ol type="a" start="1"><ol type="a" start="1">\r\n<li>Die Methode<br /><br /><strong>public static int[] createRandom(int n)</strong><br /><br />bekommt die Gr&ouml;&szlig;e des zu erzeugenden Feldes &uuml;bergeben, die Elemente des Feldes sollen mit ganzzahligen Zufallszahlen aus dem Bereich 5 bis einschlie&szlig;lich 99 belegt werden.<br /><br />Hinweis: Nutzen Sie zum Generieren der Zufallszahlen die Standardfunktion<em>random</em> aus der Klasse <em>Math</em>. Mit der Anweisung\r\n<div align="center"><em>int z = (int)(maxrand*Math.random());</em></div>\r\nwird eine Zufallszahl <em>z</em> zwischen <em>0</em> und <em>maxrand</em> erzeugt (0 &lt;= z &lt; maxrand).</li>\r\n<li><br /><strong>public static String toString(int[] a)</strong></li>\r\nsoll die Elemente von</ol></ol>\r\n<p><em>a</em></p>\r\n<ol type="a" start="1"><ol type="a" start="1">in einem String zur&uuml;ck liefern. Testen Sie in</ol></ol>\r\n<p><em>main</em></p>\r\n<ol type="a" start="1"><ol type="a" start="1">Ihr</ol></ol>\r\n<p><em>toString(...)</em></p>\r\n<ol type="a" start="1"><ol type="a" start="1">und geben Sie das Feld auch mit der vordefinierten Methode</ol></ol>\r\n<p><em>java.util.Arrays.toString(...)</em></p>\r\n<ol type="a" start="1">aus.\r\n<li><br /><strong>public static int posMin(int[] a)</strong><br /><br />soll die Position der kleinsten Zahl in <em>a</em> liefern. Wenn das minimale Element mehrmals vorkommt, soll nur die Position des <strong>ersten</strong> Auftretens ermittelt werden.</li>\r\n<li><br /><strong>public static void swap(int[] a)</strong><br /><br />vertauscht das erste mit dem letzten Element des Feldes <em>a</em>.</li>\r\n</ol>', 1, 'Java', '{"disallowedContent":["java.io","java.nio","java.net","javax.net"]}');

INSERT INTO `taskAttachments` (`task_id`, `attachment_id`) VALUES
    (19, 1),
    (19, 2),
    (19, 3);

INSERT INTO `taskPattern` (`task_id`, `text_id`) VALUES
    (4, 1),
    (11, 6),
    (12, 7),
    (13, 8),
    (15, 9),
    (16, 10),
    (17, 11),
    (18, 12),
    (19, 13),
    (21, 16),
    (22, 18),
    (23, 20),
    (24, 22);

INSERT INTO `taskSheet` (`id`, `title`, `creationDate`) VALUES
    (1, 'Blatt01', '2014-01-24 00:18:21'),
    (2, 'Blatt02', '2014-01-24 00:18:36'),
    (3, 'Blatt03', '2014-01-24 00:18:44'),
    (4, 'Blatt04', '2014-01-24 00:18:52'),
    (5, 'Zwei sind auch gut', '2014-03-13 11:27:37');

INSERT INTO `taskSheetTasks` (`taskSheet_id`, `task_id`) VALUES
    (1, 1),
    (1, 2),
    (1, 4),
    (1, 5),
    (3, 11),
    (3, 12),
    (3, 13),
    (3, 14),
    (4, 15),
    (4, 16),
    (4, 17),
    (4, 18),
    (5, 18),
    (5, 19),
    (2, 21),
    (2, 22),
    (2, 23),
    (2, 24);

INSERT INTO `taskSubmission` (`id`, `date`, `task`, `status`, `statusText`) VALUES
    (1, '2014-04-17 15:02:11', 5, 1, ''),
    (2, '2014-04-17 15:05:58', 21, 4, 'Tests passed!'),
    (3, '2014-04-17 15:27:41', 22, 0, '[NPalindromeTest.java:16: error: cannot access NPalindrome\n        assertEquals("numDigits(1): ", 1, NPalindrome.numDigits(1));\n                                          ^\n  bad class file: de.phoenix.debug.NPalindrome\n    class file contains wrong class: de.phoenix.debug.NPalindrome\n    Please remove or make sure it appears in the correct subdirectory of the classpath.]'),
    (4, '2014-04-17 15:28:00', 22, 3, '[testGetDigit(NPalindromeTest): String index out of range: -2, testNumDigits(NPalindromeTest): test timed out after 10 milliseconds]'),
    (5, '2014-04-17 15:33:15', 22, 3, '[testGetDigit(NPalindromeTest): getDigit(12345,-8):  expected:<5> but was:<0>]'),
    (6, '2014-04-17 15:34:18', 22, 4, 'Tests passed!'),
    (7, '2014-04-17 16:33:42', 23, 4, 'Tests passed!'),
    (8, '2014-04-17 17:36:17', 24, 4, 'Tests passed!');

INSERT INTO `taskSubmissionDates` (`id`, `deadline`, `releasedate`, `lectureGroupTaskSheet`, `task`) VALUES
    (1, '2014-04-21 09:00:00', '2014-04-17 15:55:00', 3, 1),
    (2, '2014-04-21 07:00:00', '2014-04-17 15:55:00', 3, 2),
    (3, '2014-04-21 07:00:00', '2014-04-17 15:55:00', 3, 4),
    (4, '2014-04-21 09:00:00', '2014-04-17 15:55:00', 3, 5);

INSERT INTO `taskSubmissionText` (`taskSubmission_id`, `text_id`) VALUES
    (1, 23),
    (2, 24),
    (3, 25),
    (4, 26),
    (5, 27),
    (6, 28),
    (7, 29),
    (8, 30);

INSERT INTO `taskTest` (`id`, `timeout`, `task`, `text`) VALUES
    (1, 10000, 4, 14),
    (2, 10000, 21, 15),
    (3, 10000, 22, 17),
    (4, 10000, 23, 19),
    (5, 10000, 24, 21);

INSERT INTO `text` (`id`, `content`, `creationDate`, `title`, `type`, `sha1`) VALUES
    (1, 'public class Prime {\r\n\r\n      public static boolean isPrime(int n){\r\n      // hier bitte Quelltext einfuegen\r\n\r\n     }\r\n\r\n     public static int nextPrime(int n){\r\n     // hier bitte Quelltext einfuegen\r\n\r\n     }\r\n  \r\n     public static void main(String[] args) {\r\n     // hier bitte Testrahmen einfuegen\r\n\r\n    }\r\n}', '2014-01-23 23:59:51', 'Prime', 'java', 'f6c4c0f42e8f61733e5117f779ede24ada20974e'),
    (6, 'public class MyIntArray {\r\n  public static int[] createRandom(int n) {\r\n           // hier bitte Quelltext einfuegen\r\n       \r\n    }\r\n   public static String toString(int[] a){\r\n           // hier bitte Quelltext einfuegen     \r\n        \r\n    }\r\n   public static int posMin(int[] a) {\r\n           // hier bitte Quelltext einfuegen\r\n     \r\n    }\r\n   public static void swap(int[] a) {\r\n           // hier bitte Quelltext einfuegen\r\n      \r\n    }\r\n}', '2014-01-24 00:10:07', 'SpecialNumbers', 'java', '6ce792395906653bf4fd27919afee42792082cde'),
    (7, 'public class PerfectMerge {\r\n    public static int[] interleave(int[] a1, int[] a2) {\r\n        // hier bitte Quelltext einreichen\r\n\r\n  }\r\n\r\n   public static int[] perfectMerge(int[] a) {\r\n               // hier bitte Quelltext einreichen\r\n        \r\n    }\r\n\r\n   public static int mergeNumber(int n) {\r\n      // hier bitte Quelltext einreichen\r\n\r\n  }\r\n\r\n        public static void main(String[] args) {\r\n       // hier bitte Testrahmen einreichen\r\n\r\n }\r\n}', '2014-01-24 00:10:59', 'PerfectMerge', 'java', 'c16179e3738d4281db1129455d0c694d5203d2d8'),
    (8, '/**************************************\r\nin diesem Kommentar bitte Antwort zu Teil a) einfuegen\r\n\r\n***********************************************/\r\npublic class MyClass {\r\n\r\n    public static int rek(int x, int y) {\r\n    // hier bitte Quelltext einfuegen\r\n\r\n    }\r\n\r\n    public static int iter(int x, int y) {\r\n    // hier bitte Quelltext einfuegen\r\n\r\n    }\r\n  \r\n   public static void main(String[] args) {\r\n     // hier bitte Testrahmen einfuegen\r\n\r\n   }\r\n}', '2014-01-24 00:12:00', 'MyClass', 'java', '60ce6d2ff2754d63c4a028338f514a90ce5c5770'),
    (9, 'public class EvalPolynom {\r\n\r\n   public static double evalSimple(double[] a, double x){\r\n        // hier bitte Quelltext einfuegen\r\n    \r\n   }\r\n   public static double evalHorner(double[] a, double x){\r\n        // hier bitte Quelltext einfuegen\r\n    \r\n   }\r\n   public static double evalHornerRek(double[] a, double x){\r\n        // hier bitte Quelltext einfuegen\r\n    \r\n   }\r\n   public static void main (String args[]) {\r\n        // hier bitte Testrahmen einfuegen\r\n   }\r\n}\r\n', '2014-01-24 00:15:09', 'EvalPolynom', 'java', '2b5eec48f0fe1b5274bba5175c578a23bb3f2a81'),
    (10, 'import java.math.BigInteger;\r\n\r\npublic class MyAckermann {\r\n    public static BigInteger ackermann(BigInteger x, BigInteger y){\r\n      // hier bitte Quelltext einfuegen\r\n    }\r\n   \r\n    public static void main(String[] args) {\r\n      // hier bitte Testrahmen einfuegen\r\n\r\n   }\r\n}\r\n', '2014-01-24 00:16:05', 'MyAckermann', 'java', '3d920ee4c1b38c5512a8bb3defd599ae68206b76'),
    (11, 'import java.math.*;\r\n\r\npublic class Fibonacci {\r\n\r\n    public static BigInteger fib1(int n){\r\n        // hier bitte Quelltext der rekursiven Variante eingeben\r\n\r\n\r\n    }\r\n\r\n    public static BigInteger fib2(int n){\r\n        // hier bitte Quelltext der iterativen Variante eingeben\r\n\r\n\r\n    }\r\n    public static void main(String[] args) {\r\n      // hier bitte Testrahmen einfuegen\r\n\r\n    }\r\n\r\n}\r\n/************************************************\r\nhier bitte Aufgabenteil b) einfuegen\r\n\r\n**************************************************/', '2014-01-24 00:16:58', 'Fibonacci', 'java', '7679bccbdca231845ca7a5ca7e0244069e56a0d4'),
    (12, 'public class FarmerMult {\r\n   public static int farmerMultRek(int x, int y) {\r\n   // TODO: source code    \r\n   }\r\n   \r\n   public static int farmerMultIter(int x, int y) {\r\n  // TODO: source code        \r\n   }\r\n\r\n   public static void main(String[] args) {\r\n // TODO: test data      \r\n   }\r\n}\r\n\r\n', '2014-01-24 00:17:29', 'FarmerMulti', 'java', '4f34b727cd74d177c727b53f7a9ab5daa6b798b5'),
    (13, '<html>\n<head>\n<meta charset="utf-8"> \n</head>\n<body>\n<table border="0" border-style="solid" cellspacing="5px">\n<tr><th     align="left" colspan="10"></th></tr><tr>\n       <th   align="left" width="8%" scope="col">\n            Prfungsnr.\n       </th>\n     <!-- UMD Breite von 22 auf 28% vergrert-->\n      <th   align="left" width="38%" scope="col">\n           &nbsp;&nbsp;&nbsp;Prfungstext\n        </th>   \n      <th   align="left" width="10%" scope="col">\n           Semester&nbsp;\n        </th>\n     <th   align="left" width="6%" scope="col">\n            Note\n      </th>\n     <th   align="left" width="15%" scope="col">\n           Status\n        </th>                   \n      <th   align="left" width="6%" scope="col">\n            Bonus\n     </th>\n     <!-- UMD Spalte Malus entfernt -->\n        <!--th   align= "left" width="6%" scope="col">\n            Malus\n     </th-->\n       <th   align="center" width="6%" scope="col">\n          Vermerk\n       </th>       \n      <th   align= "left" width="6%" scope="col">\n           Versuch\n       </th>\n     <th   align= "left" width="10%" scope="col">\n          Prfungsdatum\n     </th>       \n</tr>\n                               ?\n <tr>\n      <td class="tabelle1_alignleft" valign="top">\n          9902\n      </td>\n     <td class="tabelle1_alignleft" valign="top" >\n                             vorlufige Durchschnittsnote\n                  </td>\n     <td class="tabelle1_alignleft" valign="top">\n                                          WiSe 13/14\n        </td>\n     <td class="tabelle1_alignright" valign="top">\n                                     2,2\n   \n                  </td>\n     <td class="tabelle1_aligncenter" valign="top">\n                                         \n                 </td>\n     <td class="tabelle1_alignright" valign="top">\n                                                         146,0\n     </td>\n     <!-- UMD Spalte malus entfernt-->\n     <!--td class="tabelle1_alignright" valign="top">\n                                                          0,0\n       </td-->\n       <td class="tabelle1_alignright" valign="top">\n          \n     </td>\n     <td class="tabelle1_aligncenter" valign="top">\n            1\n     </td>\n     <td class="tabelle1_alignright" valign="top">\n         25.02.2014\n        </td>\n</tr>\n                                          \n<tr>\n?\n\n   <td class="qis_kontoOnTop" valign="top" align="left">\n     <b>110000</b>\n </td>\n <td class="qis_kontoOnTop" valign="top" colspan="2" align="left">\n                     <b>Kernfcher</b>\n         </td>\n<!--\n   <td class="qis_kontoOnTop" valign="top" align="left">\n                     SoSe 13\n    </td>\n-->\n   <td class="qis_kontoOnTop" valign="top" align= "left">\n          \n    </td>\n\n   <td class="qis_kontoOnTop" valign="top" align="center">\n           </td>\n <td class="qis_kontoOnTop" valign="top" align="left">\n                             <b>63,0</b>\n    </td>\n    <!-- UMD Spalte Malus entfernt-->\n <!--td class="qis_kontoOnTop" valign="top" align= "left">\n                             0,0\n    </td-->\n  <td class="qis_kontoOnTop" valign="top" align="left">\n         </td>\n <td class="qis_kontoOnTop" valign="top" align="left">\n         </td>\n <td class="qis_kontoOnTop" valign="top" align="left">\n         </td>\n</tr>\n              ?\n <tr>\n      <td class="tabelle1_alignleft" valign="top">\n          110102\n        </td>\n     <td class="tabelle1_alignleft" valign="top" >\n                             Mathematik I\n                  </td>\n     <td class="tabelle1_alignleft" valign="top">\n                                          WiSe 11/12\n        </td>\n     <td class="tabelle1_alignright" valign="top">\n                                     3,0\n                                   </td>\n     <td class="tabelle1_aligncenter" valign="top">\n                                        bestanden\n                 </td>\n     <td class="tabelle1_alignright" valign="top">\n                                                         8,0\n       </td>\n     <!-- UMD Spalte malus entfernt-->\n     <!--td class="tabelle1_alignright" valign="top">\n                                                          0,0\n       </td-->\n       <td class="tabelle1_alignright" valign="top">\n          \n     </td>\n     <td class="tabelle1_aligncenter" valign="top">\n            1\n     </td>\n     <td class="tabelle1_alignright" valign="top">\n         31.01.2012\n        </td>\n</tr>\n                  ?\n <tr>\n      <td class="tabelle1_alignleft" valign="top">\n          110103\n        </td>\n     <td class="tabelle1_alignleft" valign="top" >\n                             Logik fr Informatiker\n                    </td>\n     <td class="tabelle1_alignleft" valign="top">\n                                          WiSe 11/12\n        </td>\n     <td class="tabelle1_alignright" valign="top">\n                                     1,3\n       </td>\n     <td class="tabelle1_aligncenter" valign="top">\n                                        bestanden\n                 </td>\n     <td class="tabelle1_alignright" valign="top">\n                                                         4,0\n       </td>\n     <!-- UMD Spalte malus entfernt-->\n     <!--td class="tabelle1_alignright" valign="top">\n                                                          0,0\n       </td-->\n       <td class="tabelle1_alignright" valign="top">\n          \n     </td>\n     <td class="tabelle1_aligncenter" valign="top">\n            1\n     </td>\n     <td class="tabelle1_alignright" valign="top">\n         01.03.2012\n        </td>\n</tr>\n                  ?\n <tr>\n      <td class="tabelle1_alignleft" valign="top">\n          110110\n        </td>\n     <td class="tabelle1_alignleft" valign="top" >\n                             Schlsselkompetenzen I und II\n                 </td>\n     <td class="tabelle1_alignleft" valign="top">\n                                          SoSe 12\n       </td>\n     <td class="tabelle1_alignright" valign="top">\n                                     1,0\n   \n              </td>\n     <td class="tabelle1_aligncenter" valign="top">\n                                        bestanden\n                 </td>\n     <td class="tabelle1_alignright" valign="top">\n                                                         6,0\n       </td>\n     <!-- UMD Spalte malus entfernt-->\n     <!--td class="tabelle1_alignright" valign="top">\n                                                          0,0\n       </td-->\n       <td class="tabelle1_alignright" valign="top">\n          \n     </td>\n     <td class="tabelle1_aligncenter" valign="top">\n            1\n     </td>\n     <td class="tabelle1_alignright" valign="top">\n         20.07.2012\n        </td>\n</tr>\n                  ?\n <tr>\n      <td class="tabelle1_alignleft" valign="top">\n          130103\n        </td>\n     <td class="tabelle1_alignleft" valign="top" >\n                             Mathematik II (unbenotete Leistung)\n                   </td>\n     <td class="tabelle1_alignleft" valign="top">\n                                          SoSe 12\n       </td>\n     <td class="tabelle1_alignright" valign="top">\n                                     \n  \n                  </td>\n     <td class="tabelle1_aligncenter" valign="top">\n                                        bestanden\n                 </td>\n     <td class="tabelle1_alignright" valign="top">\n                                                         8,0\n       </td>\n     <!-- UMD Spalte malus entfernt-->\n     <!--td class="tabelle1_alignright" valign="top">\n                                                          0,0\n       </td-->\n       <td class="tabelle1_alignright" valign="top">\n          \n     </td>\n     <td class="tabelle1_aligncenter" valign="top">\n            1\n     </td>\n     <td class="tabelle1_alignright" valign="top">\n         16.07.2012\n        </td>\n</tr>\n                  ?\n <tr>\n      <td class="tabelle1_alignleft" valign="top">\n          130106\n        </td>\n     <td class="tabelle1_alignleft" valign="top" >\n                             Modellierung (unbenotete Leistung)\n                    </td>\n     <td class="tabelle1_alignleft" valign="top">\n                                          SoSe 12\n       </td>\n     <td class="tabelle1_alignright" valign="top">\n                                     \n  \n                  </td>\n     <td class="tabelle1_aligncenter" valign="top">\n                                        bestanden\n                 </td>\n     <td class="tabelle1_alignright" valign="top">\n                                                         4,0\n       </td>\n     <!-- UMD Spalte malus entfernt-->\n     <!--td class="tabelle1_alignright" valign="top">\n                                                          0,0\n       </td-->\n       <td class="tabelle1_alignright" valign="top">\n          \n     </td>\n     <td class="tabelle1_aligncenter" valign="top">\n            1\n     </td>\n     <td class="tabelle1_alignright" valign="top">\n         16.08.2012\n        </td>\n</tr>\n                  ?\n <tr>\n      <td class="tabelle1_alignleft" valign="top">\n          100391\n        </td>\n     <td class="tabelle1_alignleft" valign="top" >\n                             Datenbanken I\n                 </td>\n     <td class="tabelle1_alignleft" valign="top">\n                                          WiSe 12/13\n        </td>\n     <td class="tabelle1_alignright" valign="top">\n                                     2,3\n   \n                                      </td>\n     <td class="tabelle1_aligncenter" valign="top">\n                                        bestanden\n                 </td>\n     <td class="tabelle1_alignright" valign="top">\n                                                         5,0\n       </td>\n     <!-- UMD Spalte malus entfernt-->\n     <!--td class="tabelle1_alignright" valign="top">\n                                                          0,0\n       </td-->\n       <td class="tabelle1_alignright" valign="top">\n          \n     </td>\n     <td class="tabelle1_aligncenter" valign="top">\n            1\n     </td>\n     <td class="tabelle1_alignright" valign="top">\n         12.02.2013\n        </td>\n</tr>\n                  ?\n <tr>\n      <td class="tabelle1_alignleft" valign="top">\n          130104\n        </td>\n     <td class="tabelle1_alignleft" valign="top" >\n                             Mathematik III (unbenotete Leistung)\n                  </td>\n     <td class="tabelle1_alignleft" valign="top">\n                                          WiSe 12/13\n        </td>\n     <td class="tabelle1_alignright" valign="top">\n                                     \n  \n                  </td>\n     <td class="tabelle1_aligncenter" valign="top">\n                                        bestanden\n                 </td>\n     <td class="tabelle1_alignright" valign="top">\n                                                         6,0\n       </td>\n     <!-- UMD Spalte malus entfernt-->\n     <!--td class="tabelle1_alignright" valign="top">\n                                                          0,0\n       </td-->\n       <td class="tabelle1_alignright" valign="top">\n          \n     </td>\n     <td class="tabelle1_aligncenter" valign="top">\n            1\n     </td>\n     <td class="tabelle1_alignright" valign="top">\n         30.01.2013\n        </td>\n</tr>\n                  ?\n <tr>\n      <td class="tabelle1_alignleft" valign="top">\n          130109\n        </td>\n     <td class="tabelle1_alignleft" valign="top" >\n                             IT-Projektmanagement (unbenotete Leistung)\n                    </td>\n     <td class="tabelle1_alignleft" valign="top">\n                                          WiSe 12/13\n        </td>\n     <td class="tabelle1_alignright" valign="top">\n                                     \n  \n                  </td>\n     <td class="tabelle1_aligncenter" valign="top">\n                                        bestanden\n                 </td>\n     <td class="tabelle1_alignright" valign="top">\n                                                         3,0\n       </td>\n     <!-- UMD Spalte malus entfernt-->\n     <!--td class="tabelle1_alignright" valign="top">\n                                                          0,0\n       </td-->\n       <td class="tabelle1_alignright" valign="top">\n          \n     </td>\n     <td class="tabelle1_aligncenter" valign="top">\n            1\n     </td>\n     <td class="tabelle1_alignright" valign="top">\n         21.02.2013\n        </td>\n</tr>\n                  ?\n <tr>\n      <td class="tabelle1_alignleft" valign="top">\n          130105\n        </td>\n     <td class="tabelle1_alignleft" valign="top" >\n                             Software Engineering (unbenotete Leistung)\n                    </td>\n     <td class="tabelle1_alignleft" valign="top">\n                                          SoSe 13\n       </td>\n     <td class="tabelle1_alignright" valign="top">\n                                     \n  \n                  </td>\n     <td class="tabelle1_aligncenter" valign="top">\n                                        bestanden\n                 </td>\n     <td class="tabelle1_alignright" valign="top">\n                                                         5,0\n       </td>\n     <!-- UMD Spalte malus entfernt-->\n     <!--td class="tabelle1_alignright" valign="top">\n                                                          0,0\n       </td-->\n       <td class="tabelle1_alignright" valign="top">\n          \n     </td>\n     <td class="tabelle1_aligncenter" valign="top">\n            1\n     </td>\n     <td class="tabelle1_alignright" valign="top">\n         16.07.2013\n        </td>\n</tr>\n                  \n              ?\n <tr>\n      <td class="tabelle1_alignleft" valign="top">\n          110361\n        </td>\n     <td class="tabelle1_alignleft" valign="top" >\n                             Algorithmen und Datenstrukturen\n                   </td>\n     <td class="tabelle1_alignleft" valign="top">\n                                          SoSe 12\n       </td>\n     <td class="tabelle1_alignright" valign="top">\n                                     2,7\n   \n                                  </td>\n     <td class="tabelle1_aligncenter" valign="top">\n                                        bestanden\n                 </td>\n     <td class="tabelle1_alignright" valign="top">\n                                                         6,0\n       </td>\n     <!-- UMD Spalte malus entfernt-->\n     <!--td class="tabelle1_alignright" valign="top">\n                                                          0,0\n       </td-->\n       <td class="tabelle1_alignright" valign="top">\n          \n     </td>\n     <td class="tabelle1_aligncenter" valign="top">\n            1\n     </td>\n     <td class="tabelle1_alignright" valign="top">\n         31.07.2012\n        </td>\n</tr>\n                      \n              ?\n <tr>\n      <td class="tabelle1_alignleft" valign="top">\n          110360\n        </td>\n     <td class="tabelle1_alignleft" valign="top" >\n                             Einfhrung in die Informatik\n                  </td>\n     <td class="tabelle1_alignleft" valign="top">\n                                          WiSe 11/12\n        </td>\n     <td class="tabelle1_alignright" valign="top">\n                                     2,0\n   \n                                      </td>\n     <td class="tabelle1_aligncenter" valign="top">\n                                        bestanden\n                 </td>\n     <td class="tabelle1_alignright" valign="top">\n                                                         8,0\n       </td>\n     <!-- UMD Spalte malus entfernt-->\n     <!--td class="tabelle1_alignright" valign="top">\n                                                          0,0\n       </td-->\n       <td class="tabelle1_alignright" valign="top">\n          \n     </td>\n     <td class="tabelle1_aligncenter" valign="top">\n            1\n     </td>\n     <td class="tabelle1_alignright" valign="top">\n         06.02.2012\n        </td>\n</tr>\n                                                  \n              ?\n <tr>\n      <td class="tabelle1_alignleft" valign="top">\n          110378\n        </td>\n     <td class="tabelle1_alignleft" valign="top" >\n                             Technische Informatik I\n                   </td>\n     <td class="tabelle1_alignleft" valign="top">\n                                          WiSe 11/12\n        </td>\n     <td class="tabelle1_alignright" valign="top">\n                                     3,3\n   \n                                  </td>\n     <td class="tabelle1_aligncenter" valign="top">\n                                        bestanden\n                 </td>\n     <td class="tabelle1_alignright" valign="top">\n                                                         5,0\n       </td>\n     <!-- UMD Spalte malus entfernt-->\n     <!--td class="tabelle1_alignright" valign="top">\n                                                          0,0\n       </td-->\n       <td class="tabelle1_alignright" valign="top">\n          \n     </td>\n     <td class="tabelle1_aligncenter" valign="top">\n            1\n     </td>\n     <td class="tabelle1_alignright" valign="top">\n         20.02.2013\n        </td>\n</tr>\n                  ?\n <tr>\n      <td class="tabelle1_alignleft" valign="top">\n          130114\n        </td>\n     <td class="tabelle1_alignleft" valign="top" >\n                             Programmierparadigmen (unbenotete Leistung)\n                   </td>\n     <td class="tabelle1_alignleft" valign="top">\n                                          SoSe 12\n       </td>\n     <td class="tabelle1_alignright" valign="top">\n                                     \n  \n                  </td>\n     <td class="tabelle1_aligncenter" valign="top">\n                                        bestanden\n                 </td>\n     <td class="tabelle1_alignright" valign="top">\n                                                         5,0\n       </td>\n     <!-- UMD Spalte malus entfernt-->\n     <!--td class="tabelle1_alignright" valign="top">\n                                                          0,0\n       </td-->\n       <td class="tabelle1_alignright" valign="top">\n          \n     </td>\n     <td class="tabelle1_aligncenter" valign="top">\n            1\n     </td>\n     <td class="tabelle1_alignright" valign="top">\n         24.07.2012\n        </td>\n</tr>\n                  ?\n <tr>\n      <td class="tabelle1_alignleft" valign="top">\n          110105\n        </td>\n     <td class="tabelle1_alignleft" valign="top" >\n                             Grundlagen der Theoretischen Informatik\n                   </td>\n     <td class="tabelle1_alignleft" valign="top">\n                                          WiSe 12/13\n        </td>\n     <td class="tabelle1_alignright" valign="top">\n                                     2,3\n   \n                                  </td>\n     <td class="tabelle1_aligncenter" valign="top">\n                                        bestanden\n                 </td>\n     <td class="tabelle1_alignright" valign="top">\n                                                         5,0\n       </td>\n     <!-- UMD Spalte malus entfernt-->\n     <!--td class="tabelle1_alignright" valign="top">\n                                                          0,0\n       </td-->\n       <td class="tabelle1_alignright" valign="top">\n          \n     </td>\n     <td class="tabelle1_aligncenter" valign="top">\n            1\n     </td>\n     <td class="tabelle1_alignright" valign="top">\n         25.02.2013\n        </td>\n</tr>\n                  ?\n <tr>\n      <td class="tabelle1_alignleft" valign="top">\n          110115\n        </td>\n     <td class="tabelle1_alignleft" valign="top" >\n                             Sichere Systeme\n                   </td>\n     <td class="tabelle1_alignleft" valign="top">\n                                          SoSe 13\n       </td>\n     <td class="tabelle1_alignright" valign="top">\n                                     1,0\n   \n                              </td>\n     <td class="tabelle1_aligncenter" valign="top">\n                                        bestanden\n                 </td>\n     <td class="tabelle1_alignright" valign="top">\n                                                         5,0\n       </td>\n     <!-- UMD Spalte malus entfernt-->\n     <!--td class="tabelle1_alignright" valign="top">\n                                                          0,0\n       </td-->\n       <td class="tabelle1_alignright" valign="top">\n          \n     </td>\n     <td class="tabelle1_aligncenter" valign="top">\n            1\n     </td>\n     <td class="tabelle1_alignright" valign="top">\n         29.07.2013\n        </td>\n</tr>\n                  ?\n <tr>\n      <td class="tabelle1_alignleft" valign="top">\n          110118\n        </td>\n     <td class="tabelle1_alignleft" valign="top" >\n                             Grundlagen der Theoretischen Informatik II\n                    </td>\n     <td class="tabelle1_alignleft" valign="top">\n                                          SoSe 13\n       </td>\n     <td class="tabelle1_alignright" valign="top">\n                                     5,0\n   \n                                      </td>\n     <td class="tabelle1_aligncenter" valign="top">\n                                        nicht bestanden\n                   </td>\n     <td class="tabelle1_alignright" valign="top">\n                                                         0,0\n       </td>\n     <!-- UMD Spalte malus entfernt-->\n     <!--td class="tabelle1_alignright" valign="top">\n                                                          0,0\n       </td-->\n       <td class="tabelle1_alignright" valign="top">\n          \n     </td>\n     <td class="tabelle1_aligncenter" valign="top">\n            1\n     </td>\n     <td class="tabelle1_alignright" valign="top">\n         01.08.2013\n        </td>\n</tr>\n                  ?\n <tr>\n      <td class="tabelle1_alignleft" valign="top">\n          110118\n        </td>\n     <td class="tabelle1_alignleft" valign="top" >\n                             Grundlagen der Theoretischen Informatik II\n                    </td>\n     <td class="tabelle1_alignleft" valign="top">\n                                          WiSe 13/14\n        </td>\n     <td class="tabelle1_alignright" valign="top">\n                                     2,7\n   \n                                  </td>\n     <td class="tabelle1_aligncenter" valign="top">\n                                        bestanden\n                 </td>\n     <td class="tabelle1_alignright" valign="top">\n                                                         5,0\n       </td>\n     <!-- UMD Spalte malus entfernt-->\n     <!--td class="tabelle1_alignright" valign="top">\n                                                          0,0\n       </td-->\n       <td class="tabelle1_alignright" valign="top">\n          \n     </td>\n     <td class="tabelle1_aligncenter" valign="top">\n            2\n     </td>\n     <td class="tabelle1_alignright" valign="top">\n         13.02.2014\n        </td>\n</tr>\n                  ?\n <tr>\n      <td class="tabelle1_alignleft" valign="top">\n          130100\n        </td>\n     <td class="tabelle1_alignleft" valign="top" >\n                             Intelligente Systeme - Einfhrung (unbenotete Leistung)\n                   </td>\n     <td class="tabelle1_alignleft" valign="top">\n                                          WiSe 13/14\n        </td>\n     <td class="tabelle1_alignright" valign="top">\n                                     \n  \n                  </td>\n     <td class="tabelle1_aligncenter" valign="top">\n                                        bestanden\n                 </td>\n     <td class="tabelle1_alignright" valign="top">\n                                                         5,0\n       </td>\n     <!-- UMD Spalte malus entfernt-->\n     <!--td class="tabelle1_alignright" valign="top">\n                                                          0,0\n       </td-->\n       <td class="tabelle1_alignright" valign="top">\n          \n     </td>\n     <td class="tabelle1_aligncenter" valign="top">\n            1\n     </td>\n     <td class="tabelle1_alignright" valign="top">\n         25.02.2014\n        </td>\n</tr>\n                                              \n<tr>\n?\n\n   <td class="qis_kontoOnTop" valign="top" align="left">\n     <b>110064</b>\n </td>\n <td class="qis_kontoOnTop" valign="top" colspan="2" align="left">\n                     <b>Wahlpflichtbereich</b>\n         </td>\n<!--\n   <td class="qis_kontoOnTop" valign="top" align="left">\n                     WiSe 13/14\n    </td>\n-->\n    <td class="qis_kontoOnTop" valign="top" align= "left">\n          \n    </td>\n\n   <td class="qis_kontoOnTop" valign="top" align="center">\n           </td>\n <td class="qis_kontoOnTop" valign="top" align= "left">\n                                <b>48,0</b>\n    </td>\n    <!-- UMD Spalte Malus entfernt-->\n <!--td class="qis_kontoOnTop" valign="top" align= "left">\n                             0,0\n    </td-->\n  <td class="qis_kontoOnTop" valign="top" align="left">\n         </td>\n <td class="qis_kontoOnTop" valign="top" align="left">\n         </td>\n <td class="qis_kontoOnTop" valign="top" align="left">\n         </td>\n</tr>\n              \n<tr>\n?\n\n   <td class="qis_konto" valign="top" align="left">\n      <b>110048</b>\n </td>\n <td class="qis_konto" valign="top" align="left">\n                  <b>Wahlbereich Schlssel- und Methodenkompetenz</b>\n           </td>\n <td class="qis_konto" valign="top" align="left">\n                      <b>WiSe 12/13</b>\n </td>\n <td class="qis_konto" valign="top" align= "left">\n       \n    </td>\n <td class="qis_konto" valign="top" align="center">\n                                     \n                     </td>\n <td class="qis_konto" valign="top" align= "left">\n                             <b>3,0</b>\n    </td>\n <!-- UMD Spalte Malus entfernt-->\n <!--td class="qis_konto" valign="top" align= "left">\n                              0,0\n    </td-->\n  <td class="qis_konto" valign="top" align="left">\n          </td>\n <td class="qis_konto" valign="top" align="left">\n          </td>\n <td class="qis_konto" valign="top" align="left">\n          </td>\n</tr>\n              ?\n <tr>\n      <td class="tabelle1_alignleft" valign="top">\n          110317\n        </td>\n     <td class="tabelle1_alignleft" valign="top" >\n                             Trainingsmodul/Proseminar (unbenotet)\n                 </td>\n     <td class="tabelle1_alignleft" valign="top">\n                                          WiSe 12/13\n        </td>\n     <td class="tabelle1_alignright" valign="top">\n                                     \n  \n                  </td>\n     <td class="tabelle1_aligncenter" valign="top">\n                                        bestanden\n                 </td>\n     <td class="tabelle1_alignright" valign="top">\n                                                         3,0\n       </td>\n     <!-- UMD Spalte malus entfernt-->\n     <!--td class="tabelle1_alignright" valign="top">\n                                                          0,0\n       </td-->\n       <td class="tabelle1_alignright" valign="top">\n          \n     </td>\n     <td class="tabelle1_aligncenter" valign="top">\n            1\n     </td>\n     <td class="tabelle1_alignright" valign="top">\n         10.04.2013\n        </td>\n</tr>\n                      \n<tr>\n?\n\n   <td class="qis_konto" valign="top" align="left">\n      <b>110068</b>\n </td>\n <td class="qis_konto" valign="top" align="left">\n                  <b>Wahlbereich Technische Informatik</b>\n          </td>\n <td class="qis_konto" valign="top" align="left">\n                      <b>SoSe 13</b>\n    </td>\n <td class="qis_konto" valign="top" align= "left">\n       \n    </td>\n <td class="qis_konto" valign="top" align="center">\n                                     \n                     </td>\n <td class="qis_konto" valign="top" align= "left">\n                             <b>10,0</b>\n    </td>\n    <!-- UMD Spalte Malus entfernt-->\n <!--td class="qis_konto" valign="top" align= "left">\n                              0,0\n    </td-->\n  <td class="qis_konto" valign="top" align="left">\n          </td>\n <td class="qis_konto" valign="top" align="left">\n          </td>\n <td class="qis_konto" valign="top" align="left">\n          </td>\n</tr>\n              ?\n <tr>\n      <td class="tabelle1_alignleft" valign="top">\n          130115\n        </td>\n     <td class="tabelle1_alignleft" valign="top" >\n                             Rechnersysteme (unbenotete Leistung)\n                  </td>\n     <td class="tabelle1_alignleft" valign="top">\n                                          SoSe 12\n       </td>\n     <td class="tabelle1_alignright" valign="top">\n                                     \n  \n                  </td>\n     <td class="tabelle1_aligncenter" valign="top">\n                                        bestanden\n                 </td>\n     <td class="tabelle1_alignright" valign="top">\n                                                         5,0\n       </td>\n     <!-- UMD Spalte malus entfernt-->\n     <!--td class="tabelle1_alignright" valign="top">\n                                                          0,0\n       </td-->\n       <td class="tabelle1_alignright" valign="top">\n          \n     </td>\n     <td class="tabelle1_aligncenter" valign="top">\n            1\n     </td>\n     <td class="tabelle1_alignright" valign="top">\n         18.07.2012\n        </td>\n</tr>\n                  ?\n <tr>\n      <td class="tabelle1_alignleft" valign="top">\n          110379\n        </td>\n     <td class="tabelle1_alignleft" valign="top" >\n                             Technische Informatik II\n                  </td>\n     <td class="tabelle1_alignleft" valign="top">\n                                          SoSe 13\n       </td>\n     <td class="tabelle1_alignright" valign="top">\n                                     2,0\n   \n                                      </td>\n     <td class="tabelle1_aligncenter" valign="top">\n                                        bestanden\n                 </td>\n     <td class="tabelle1_alignright" valign="top">\n                                                         5,0\n       </td>\n     <!-- UMD Spalte malus entfernt-->\n     <!--td class="tabelle1_alignright" valign="top">\n                                                          0,0\n       </td-->\n       <td class="tabelle1_alignright" valign="top">\n          \n     </td>\n     <td class="tabelle1_aligncenter" valign="top">\n            1\n     </td>\n     <td class="tabelle1_alignright" valign="top">\n         17.07.2013\n        </td>\n</tr>\n                      \n<tr>\n?\n\n   <td class="qis_konto" valign="top" align="left">\n      <b>110004</b>\n </td>\n <td class="qis_konto" valign="top" align="left">\n                  Informatik\n            </td>\n <td class="qis_konto" valign="top" align="left">\n                      WiSe 13/14\n    </td>\n <td class="qis_konto" valign="top" align= "left">\n       \n    </td>\n <td class="qis_konto" valign="top" align="center">\n                                     \n                     </td>\n <td class="qis_konto" valign="top" align= "left">\n                             35,0\n    </td>\n   <!-- UMD Spalte Malus entfernt-->\n <!--td class="qis_konto" valign="top" align= "left">\n                              0,0\n    </td-->\n  <td class="qis_konto" valign="top" align="left">\n          </td>\n <td class="qis_konto" valign="top" align="left">\n          </td>\n <td class="qis_konto" valign="top" align="left">\n          </td>\n</tr>\n              ?\n <tr>\n      <td class="tabelle1_alignleft" valign="top">\n          110376\n        </td>\n     <td class="tabelle1_alignleft" valign="top" >\n                             Einfhrung in Digitale Spiele\n                 </td>\n     <td class="tabelle1_alignleft" valign="top">\n                                          WiSe 12/13\n        </td>\n     <td class="tabelle1_alignright" valign="top">\n                                     2,0\n   \n                                  </td>\n     <td class="tabelle1_aligncenter" valign="top">\n                                        bestanden\n                 </td>\n     <td class="tabelle1_alignright" valign="top">\n                                                         5,0\n       </td>\n     <!-- UMD Spalte malus entfernt-->\n     <!--td class="tabelle1_alignright" valign="top">\n                                                          0,0\n       </td-->\n       <td class="tabelle1_alignright" valign="top">\n          \n     </td>\n     <td class="tabelle1_aligncenter" valign="top">\n            1\n     </td>\n     <td class="tabelle1_alignright" valign="top">\n         01.02.2013\n        </td>\n</tr>\n                  ?\n <tr>\n      <td class="tabelle1_alignleft" valign="top">\n          140000\n        </td>\n     <td class="tabelle1_alignleft" valign="top" >\n                             Cloud Computing\n                   </td>\n     <td class="tabelle1_alignleft" valign="top">\n                                          WiSe 12/13\n        </td>\n     <td class="tabelle1_alignright" valign="top">\n                                     3,0\n   \n                                      </td>\n     <td class="tabelle1_aligncenter" valign="top">\n                                        bestanden\n                 </td>\n     <td class="tabelle1_alignright" valign="top">\n                                                         5,0\n       </td>\n     <!-- UMD Spalte malus entfernt-->\n     <!--td class="tabelle1_alignright" valign="top">\n                                                          0,0\n       </td-->\n       <td class="tabelle1_alignright" valign="top">\n          \n     </td>\n     <td class="tabelle1_aligncenter" valign="top">\n            1\n     </td>\n     <td class="tabelle1_alignright" valign="top">\n         26.02.2013\n        </td>\n</tr>\n                  ?\n <tr>\n      <td class="tabelle1_alignleft" valign="top">\n          130202\n        </td>\n     <td class="tabelle1_alignleft" valign="top" >\n                             Grundlagen der C++ Programmierung (unbenotete Leistung)\n                   </td>\n     <td class="tabelle1_alignleft" valign="top">\n                                          SoSe 13\n       </td>\n     <td class="tabelle1_alignright" valign="top">\n                                     \n  \n                  </td>\n     <td class="tabelle1_aligncenter" valign="top">\n                                        bestanden\n                 </td>\n     <td class="tabelle1_alignright" valign="top">\n                                                         5,0\n       </td>\n     <!-- UMD Spalte malus entfernt-->\n     <!--td class="tabelle1_alignright" valign="top">\n                                                          0,0\n       </td-->\n       <td class="tabelle1_alignright" valign="top">\n          \n     </td>\n     <td class="tabelle1_aligncenter" valign="top">\n            1\n     </td>\n     <td class="tabelle1_alignright" valign="top">\n         15.07.2013\n        </td>\n</tr>\n                  ?\n <tr>\n      <td class="tabelle1_alignleft" valign="top">\n          130383\n        </td>\n     <td class="tabelle1_alignleft" valign="top" >\n                             Game Engine Architecture (unbenotete Leistung)\n                    </td>\n     <td class="tabelle1_alignleft" valign="top">\n                                          SoSe 13\n       </td>\n     <td class="tabelle1_alignright" valign="top">\n                                     \n  \n                  </td>\n     <td class="tabelle1_aligncenter" valign="top">\n                                        bestanden\n                 </td>\n     <td class="tabelle1_alignright" valign="top">\n                                                         5,0\n       </td>\n     <!-- UMD Spalte malus entfernt-->\n     <!--td class="tabelle1_alignright" valign="top">\n                                                          0,0\n       </td-->\n       <td class="tabelle1_alignright" valign="top">\n          \n     </td>\n     <td class="tabelle1_aligncenter" valign="top">\n            1\n     </td>\n     <td class="tabelle1_alignright" valign="top">\n         30.07.2013\n        </td>\n</tr>\n                  ?\n <tr>\n      <td class="tabelle1_alignleft" valign="top">\n          700003\n        </td>\n     <td class="tabelle1_alignleft" valign="top" >\n                             Bioinformatik\n                 </td>\n     <td class="tabelle1_alignleft" valign="top">\n                                          SoSe 13\n       </td>\n     <td class="tabelle1_alignright" valign="top">\n                                     2,3\n   \n                                  </td>\n     <td class="tabelle1_aligncenter" valign="top">\n                                        bestanden\n                 </td>\n     <td class="tabelle1_alignright" valign="top">\n                                                         5,0\n       </td>\n     <!-- UMD Spalte malus entfernt-->\n     <!--td class="tabelle1_alignright" valign="top">\n                                                          0,0\n       </td-->\n       <td class="tabelle1_alignright" valign="top">\n          \n     </td>\n     <td class="tabelle1_aligncenter" valign="top">\n            1\n     </td>\n     <td class="tabelle1_alignright" valign="top">\n         26.07.2013\n        </td>\n</tr>\n                  ?\n <tr>\n      <td class="tabelle1_alignleft" valign="top">\n          102408\n        </td>\n     <td class="tabelle1_alignleft" valign="top" >\n                             Prinzipien und Komponenten eingebetteter Systeme\n                  </td>\n     <td class="tabelle1_alignleft" valign="top">\n                                          WiSe 13/14\n        </td>\n     <td class="tabelle1_alignright" valign="top">\n                                     2,0\n   \n                                  </td>\n     <td class="tabelle1_aligncenter" valign="top">\n                                        bestanden\n                 </td>\n     <td class="tabelle1_alignright" valign="top">\n                                                         5,0\n       </td>\n     <!-- UMD Spalte malus entfernt-->\n     <!--td class="tabelle1_alignright" valign="top">\n                                                          0,0\n       </td-->\n       <td class="tabelle1_alignright" valign="top">\n          \n     </td>\n     <td class="tabelle1_aligncenter" valign="top">\n            1\n     </td>\n     <td class="tabelle1_alignright" valign="top">\n         19.02.2014\n        </td>\n</tr>\n                  ?\n <tr>\n      <td class="tabelle1_alignleft" valign="top">\n          110307\n        </td>\n     <td class="tabelle1_alignleft" valign="top" >\n                             Information Retrieval\n                 </td>\n     <td class="tabelle1_alignleft" valign="top">\n                                          WiSe 13/14\n        </td>\n     <td class="tabelle1_alignright" valign="top">\n                                     1,7\n   \n                              </td>\n     <td class="tabelle1_aligncenter" valign="top">\n                                        bestanden\n                 </td>\n     <td class="tabelle1_alignright" valign="top">\n                                                         5,0\n       </td>\n     <!-- UMD Spalte malus entfernt-->\n     <!--td class="tabelle1_alignright" valign="top">\n                                                          0,0\n       </td-->\n       <td class="tabelle1_alignright" valign="top">\n          \n     </td>\n     <td class="tabelle1_aligncenter" valign="top">\n            1\n     </td>\n     <td class="tabelle1_alignright" valign="top">\n         17.02.2014\n        </td>\n</tr>\n                                                  \n<tr>\n?\n\n   <td class="qis_kontoOnTop" valign="top" align="left">\n     <b>110020</b>\n </td>\n <td class="qis_kontoOnTop" valign="top" colspan="2" align="left">\n                     <b>Nebenfach</b>\n          </td>\n<!--\n   <td class="qis_kontoOnTop" valign="top" align="left">\n                     WiSe 13/14\n    </td>\n-->\n    <td class="qis_kontoOnTop" valign="top" align= "left">\n          \n    </td>\n\n   <td class="qis_kontoOnTop" valign="top" align="center">\n           </td>\n <td class="qis_kontoOnTop" valign="top" align= "left">\n                                <b>5,0</b>\n    </td>\n <!-- UMD Spalte Malus entfernt-->\n <!--td class="qis_kontoOnTop" valign="top" align= "left">\n                             0,0\n    </td-->\n  <td class="qis_kontoOnTop" valign="top" align="left">\n         </td>\n <td class="qis_kontoOnTop" valign="top" align="left">\n         </td>\n <td class="qis_kontoOnTop" valign="top" align="left">\n         </td>\n</tr>\n                                                              \n<tr>\n?\n\n   <td class="qis_kontoOnTop" valign="top" align="left">\n     <b>9900</b>\n   </td>\n <td class="qis_kontoOnTop" valign="top" colspan="2" align="left">\n                     zustzliche Leistungen\n            </td>\n<!--\n   <td class="qis_kontoOnTop" valign="top" align="left">\n                     WiSe 13/14\n    </td>\n-->\n    <td class="qis_kontoOnTop" valign="top" align= "left">\n          \n    </td>\n\n   <td class="qis_kontoOnTop" valign="top" align="center">\n           </td>\n <td class="qis_kontoOnTop" valign="top" align= "left">\n                                0,0\n    </td>\n    <!-- UMD Spalte Malus entfernt-->\n <!--td class="qis_kontoOnTop" valign="top" align= "left">\n                             0,0\n    </td-->\n  <td class="qis_kontoOnTop" valign="top" align="left">\n         </td>\n <td class="qis_kontoOnTop" valign="top" align="left">\n         </td>\n <td class="qis_kontoOnTop" valign="top" align="left">\n         </td>\n</tr>\n                                                          </table>\n</body>\n</html>', '2014-03-13 11:24:45', 'index', 'html', '705151bf430d91e37a4326698f077fdb4fbdf37a'),
    (14, 'import org.junit.Test;\r\nimport static org.junit.Assert.assertTrue;\r\nimport static org.junit.Assert.assertFalse;\r\nimport static org.junit.Assert.assertEquals;\r\n\r\npublic class PrimeTest {\r\n\r\n    @Test\r\n    public void isPrime() {  \r\n        int tmp = (int) (999 * Math.random())+1; \r\n        if (myIsPrime(tmp))\r\n assertTrue("wrong result isPrime("+tmp+")",Prime.isPrime(tmp));  \r\n        else\r\n   assertFalse("wrong result isPrime("+tmp+")",Prime.isPrime(tmp));\r\n        assertTrue("wrong result isPrime(2)",Prime.isPrime(2));\r\n        assertTrue("wrong result isPrime(13)",Prime.isPrime(13));\r\n        assertTrue("wrong result isPrime(1009)",Prime.isPrime(1009));\r\n\r\n        assertFalse("wrong result isPrime(1)",Prime.isPrime(1));\r\n        assertFalse("wrong result isPrime(128)",Prime.isPrime(128));\r\n    }\r\n\r\n    @Test\r\n    public void nextPrime() {\r\n        int tmp = (int) (999 * Math.random())+1;  \r\n        assertEquals("nextPrime("+tmp+")",myNextPrime(tmp),Prime.nextPrime(tmp));\r\n        assertEquals("nextPrime(13)",13,Prime.nextPrime(13));\r\n        assertEquals("nextPrime(655)",659,Prime.nextPrime(655));\r\n        assertEquals("nextPrime(2)",2,Prime.nextPrime(2));\r\n        assertEquals("nextPrime(1)",2,Prime.nextPrime(1));\r\n    }\r\n\r\n    public static boolean myIsPrime(int n) {\r\n        if (n == 1)\r\n            return false; \r\n        if (n == 2)\r\n            return true; \r\n        if (n % 2 == 0)\r\n            return false; \r\n        int i = 3;\r\n        while (i*i <= n){\r\n            if (n % i == 0){\r\n                return false; \r\n            }\r\n            else\r\n                i = i + 2; \r\n        }       \r\n        return true;\r\n    }\r\n\r\n    public static int myNextPrime(int zahl) {\r\n        if (zahl==1) return 2;\r\n        if (myIsPrime(zahl))\r\n            return zahl;\r\n        if (zahl % 2 == 0)\r\n            zahl++;\r\n        while (!myIsPrime(zahl)) {\r\n            zahl += 2;\r\n        }\r\n        return zahl;\r\n    }\r\n\r\n}', '2014-03-16 12:18:32', 'PrimeTest', 'java', '12ca603b8f562dd486eecc8e921b562b6ea91d48'),
    (15, 'import static org.junit.Assert.*;\r\n\r\nimport org.junit.Test;\r\nimport java.util.Arrays;\r\n\r\npublic class MedianTest {\r\n\r\n    private static int myMedian(int a, int b, int c) {\r\n        int[] f = {a, b, c};\r\n        Arrays.sort(f);\r\n        return f[1];\r\n    }\r\n\r\n    @Test\r\n    public void testMedian() {\r\n        int tmp1 = (int) (999 * Math.random()) + 1; // random number in\r\n                                                    // [1..1000]\r\n        int tmp2 = (int) (999 * Math.random()) + 1;\r\n        int tmp3 = (int) (999 * Math.random()) + 1;\r\n        assertEquals("median(" + tmp1 + "," + tmp2 + "," + tmp3 + ")", myMedian(tmp1, tmp2, tmp3), Median.median(tmp1, tmp2, tmp3));\r\n        assertEquals("median(" + tmp1 + "," + tmp1 + "," + tmp1 + ")", tmp1, Median.median(tmp1, tmp1, tmp1));\r\n        assertEquals("median(" + tmp1 + "," + tmp2 + "," + tmp1 + ")", myMedian(tmp1, tmp2, tmp1), Median.median(tmp1, tmp2, tmp1));\r\n        assertEquals("median(" + tmp2 + "," + tmp1 + "," + tmp1 + ")", myMedian(tmp2, tmp1, tmp1), Median.median(tmp2, tmp1, tmp1));\r\n\r\n        assertEquals("median(1, 2, 1)", 1, Median.median(1, 2, 1));\r\n        assertEquals("median(2, 1, 1)", 1, Median.median(2, 1, 1));\r\n        assertEquals("median(1, 1, 1)", 1, Median.median(1, 1, 1));\r\n        assertEquals("median(1, 55, 999)", 55, Median.median(1, 55, 999));\r\n        assertEquals("median(1, 999, 55)", 55, Median.median(1, 999, 55));\r\n        assertEquals("median(55, 1, 999)", 55, Median.median(55, 1, 999));\r\n        assertEquals("median(55, 999, 1)", 55, Median.median(55, 999, 1));\r\n        assertEquals("median(999, 55, 1)", 55, Median.median(999, 55, 1));\r\n        assertEquals("median(999, 1, 55)", 55, Median.median(999, 1, 55));\r\n\r\n        assertEquals("median(-1,  1,  0)", 0, Median.median(-1, 1, 0));\r\n        assertEquals("median(-5, -1, -3)", -3, Median.median(-5, -1, -3));\r\n        assertEquals("median( 3, -1, -4)", -1, Median.median(3, -1, -4));\r\n    }\r\n\r\n    @Test\r\n    public void testMedian2() {\r\n        assertEquals("median2(1, 2, 1)", 1, Median.median2(1, 2, 1));\r\n        assertEquals("median2(2, 1, 1)", 1, Median.median2(2, 1, 1));\r\n        assertEquals("median2(1, 1, 1)", 1, Median.median2(1, 1, 1));\r\n        assertEquals("median2(1, 55, 999)", 55, Median.median2(1, 55, 999));\r\n        assertEquals("median2(1, 999, 55)", 55, Median.median2(1, 999, 55));\r\n        assertEquals("median2(55, 1, 999)", 55, Median.median2(55, 1, 999));\r\n        assertEquals("median2(55, 999, 1)", 55, Median.median2(55, 999, 1));\r\n        assertEquals("median2(999, 55, 1)", 55, Median.median2(999, 55, 1));\r\n        assertEquals("median2(999, 1, 55)", 55, Median.median2(999, 1, 55));\r\n\r\n        assertEquals("median2(-1,  1,  0)", 0, Median.median2(-1, 1, 0));\r\n        assertEquals("median2(-5, -1, -3)", -3, Median.median2(-5, -1, -3));\r\n        assertEquals("median2( 3, -1, -4)", -1, Median.median2(3, -1, -4));\r\n    }\r\n\r\n}\r\n', '2014-03-29 22:00:01', 'MedianTest', 'java', 'cea17ce764fd57754f6139b4f9adf3f0191bd293'),
    (16, 'public class Median {\r\n   public static int median(int a, int b, int c){\r\n   // hier bitte Quelltext einfuegen\r\n\r\n   }\r\n   public static int median2(int a, int b, int c){\r\n   // hier bitte Quelltext einfuegen\r\n\r\n   }\r\n   public static void main(String[] args) {\r\n   // hier bitte Testrahmen einfuegen\r\n   }\r\n}', '2014-03-29 22:00:01', 'Median', 'java', '33bfd6329fa61a2dc1c6d80fc62d04176a5e87c5'),
    (17, 'import static org.junit.Assert.assertEquals;\r\nimport static org.junit.Assert.assertFalse;\r\nimport static org.junit.Assert.assertTrue;\r\n\r\nimport org.junit.Test;\r\n\r\npublic class NPalindromeTest {\r\n\r\n    @Test\r\n    public void testNumDigits() {\r\n        assertEquals("numDigits(1): ", 1, NPalindrome.numDigits(1));\r\n        assertEquals("numDigits(12): ", 2, NPalindrome.numDigits(12));\r\n        assertEquals("numDigits(120021): ", 6, NPalindrome.numDigits(120021));\r\n    }\r\n\r\n    @Test\r\n    public void testGetDigit() {\r\n        assertEquals("getDigit(12345,0): ", 5, NPalindrome.getDigit(12345, 0));\r\n        assertEquals("getDigit(12345,3): ", 2, NPalindrome.getDigit(12345, 3));\r\n        assertEquals("getDigit(12345,6): ", 1, NPalindrome.getDigit(12345, 6));\r\n        assertEquals("getDigit(12345,-8): ", 5, NPalindrome.getDigit(12345, -8));\r\n    }\r\n\r\n    @Test\r\n    public void testIsPalindrome() {\r\n        assertTrue("wrong result isPalindrome(94549)", NPalindrome.isPalindrome(94549));\r\n        assertTrue("wrong result isPalindrome(1)", NPalindrome.isPalindrome(1));\r\n        assertFalse("wrong result isPalindrome(12345)", NPalindrome.isPalindrome(12345));\r\n        assertTrue("wrong result isPalindrome(1221)", NPalindrome.isPalindrome(1221));\r\n        assertFalse("wrong result isPalindrome(12)", NPalindrome.isPalindrome(12));\r\n        assertFalse("wrong result isPalindrome(91239)", NPalindrome.isPalindrome(91239));\r\n    }\r\n}\r\n', '2014-03-29 22:21:11', 'NPalindromeTest', 'java', '87b55dd443edf73ab607e15138366820982cbd87'),
    (18, 'public class NPalindrome{\r\n\r\n   public static int numDigits(int n) {\r\n      // hier Quelltext einfuegen\r\n   }\r\n\r\n   public static int getDigit(int n, int index){\r\n      // hier Quelltext einfuegen    \r\n   }\r\n    \r\n   public static boolean isPalindrome(int n){\r\n      // hier Quelltext einfuegen\r\n   }\r\n  \r\n   public static void main(String[] args) {\r\n     // hier bitte Testrahmen einfuegen\r\n\r\n   }\r\n}\r\n', '2014-03-29 22:21:11', 'NPalindrome', 'java', '57f7227ecedbb09f0d0c6143c402f7e20808503c'),
    (19, 'import static org.junit.Assert.assertEquals;\r\n\r\nimport org.junit.Test;\r\n\r\npublic class TransformationTest {\r\n\r\n    @Test\r\n    public void testTransform() {\r\n        int d;\r\n        for (int i = 1; i <= 5; i++) {\r\n            d = (int) (1000 * Math.random()) + 1; // d in [1..1000]\r\n            assertEquals("transformDual(" + d + "):", Integer.toBinaryString(d), Transformation.transformDual(d));\r\n        }\r\n        assertEquals("transform(8): ", "1000", Transformation.transformDual(8));\r\n        assertEquals("transform(2): ", "10", Transformation.transformDual(2));\r\n    }\r\n}\r\n', '2014-03-29 22:35:45', 'TransformationTest', 'java', 'a9d52a725068d31429bba7df0f3901d0c303f92a'),
    (20, 'public class Transformation {\r\n   public static String transformDual(int dec) {\r\n       // hier bitte Quelltext einfuegen\r\n\r\n   }\r\n \r\n   public static void main(String[] args) {\r\n      // hier bitte Testrahmen einfuegen\r\n\r\n   }\r\n}', '2014-03-29 22:35:45', 'Transformation', 'java', '1d62c4974c69c87c23be1b2241906389e09cdaec'),
    (21, 'import static org.junit.Assert.assertArrayEquals;\r\nimport static org.junit.Assert.assertEquals;\r\nimport static org.junit.Assert.assertTrue;\r\n\r\nimport java.util.Arrays;\r\n\r\nimport org.junit.Test;\r\n\r\npublic class MyIntArrayTest {\r\n\r\n    int[] bsp = {4, 5, 6, 1, 2, 3};\r\n\r\n    @Test\r\n    public void testCreateInt() {\r\n        int[] bsp2 = MyIntArray.createRandom(10);\r\n        assertEquals("Das Array muss die Lnge n (10) haben!", 10, bsp2.length);\r\n        // System.out.println("Array mit Zufallszahlen: "+Arrays.toString(bsp2));\r\n        assertTrue("Alle Werte mssen in 5..99 liegen!", testRange(bsp2));\r\n    }\r\n\r\n    @Test\r\n    public void testPosMin() {\r\n        assertEquals("Pos Min von: " + Arrays.toString(bsp) + ": ", 3, MyIntArray.posMin(bsp));\r\n    }\r\n\r\n    @Test\r\n    public void testSwap() {\r\n        int[] old = {4, 5, 6, 1, 2, 3};\r\n        int tmp = bsp[0];\r\n        int maxIndex = bsp.length - 1;\r\n        bsp[0] = bsp[maxIndex];\r\n        bsp[maxIndex] = tmp;\r\n        MyIntArray.swap(old);\r\n        assertArrayEquals("swap von : " + Arrays.toString(bsp) + ": ", old, bsp);\r\n    }\r\n\r\n    private static boolean testRange(int[] m) {\r\n        for (int i = 0; i < m.length; i++) { // Zeile\r\n            if (m[i] < 5 || m[i] > 99)\r\n                return false;\r\n        }\r\n        return true;\r\n    }\r\n}\r\n', '2014-03-29 22:53:00', 'MyIntArrayTest', 'java', 'bcaf1f8e39c8e146ee12374bc5b2b83c143dbb75'),
    (22, 'public class MyIntArray {\r\n public static int[] createRandom(int n) {\r\n           // hier bitte Quelltext einfuegen\r\n       \r\n    }\r\n   public static String toString(int[] a){\r\n           // hier bitte Quelltext einfuegen     \r\n        \r\n    }\r\n   public static int posMin(int[] a) {\r\n           // hier bitte Quelltext einfuegen\r\n     \r\n    }\r\n   public static void swap(int[] a) {\r\n           // hier bitte Quelltext einfuegen\r\n      \r\n    }\r\n}', '2014-03-29 22:53:00', 'MyIntArray', 'java', '6ce792395906653bf4fd27919afee42792082cde'),
    (23, '/*\r\n * Copyright (C) 2013 Project-Phoenix\r\n * \r\n * This file is part of WebService.\r\n * \r\n * WebService is free software: you can redistribute it and/or modify\r\n * it under the terms of the GNU General Public License as published by\r\n * the Free Software Foundation, version 3 of the License.\r\n * \r\n * WebService is distributed in the hope that it will be useful,\r\n * but WITHOUT ANY WARRANTY; without even the implied warranty of\r\n * MERCHANTABILITY or FITNESS FOR A PARTICULAR PURPOSE.  See the\r\n * GNU General Public License for more details.\r\n * \r\n * You should have received a copy of the GNU General Public License\r\n * along with WebService.  If not, see <http://www.gnu.org/licenses/>.\r\n */\r\n\r\npackage de.phoenix.database;\r\n\r\nimport static org.junit.Assert.assertTrue;\r\n\r\nimport org.hibernate.Session;\r\nimport org.junit.Test;\r\n\r\npublic class ConnectionTests {\r\n\r\n    @Test\r\n    public void test() {\r\n        // Start hibernate\r\n        DatabaseManager dbManager = DatabaseManager.getInstance();\r\n        Session session = dbManager.openSession();\r\n\r\n        session.beginTransaction();\r\n\r\n        assertTrue(session.isConnected());\r\n\r\n        session.close();\r\n\r\n        // Finish hibernate\r\n    }\r\n\r\n}', '2014-04-17 15:02:11', 'ConnectionsTests', 'java', 'e7ceaa7dc767a1555b9174830524846e9194e9b0'),
    (24, 'public class Median {\r\n   public static int median(int a, int b, int c){\r\n        int[] test = {a,b,c};\r\n           java.util.Arrays.sort(test);\r\n        return test[1];\r\n\r\n   }\r\n   public static int median2(int a, int b, int c){\r\n       int[] test = {a,b,c};\r\n           java.util.Arrays.sort(test);\r\n        return test[1];\r\n\r\n   }\r\n   public static void main(String[] args) {\r\n   // hier bitte Testrahmen einfuegen\r\n   }\r\n}', '2014-04-17 15:05:58', 'Median', 'java', '372c1f9570bd4f09a9e04bcbd4c70a1fa8b25ad5'),
    (25, 'package de.phoenix.debug;\r\n\r\npublic class NPalindrome {\r\n\r\n    public static int numDigits(int n) {\r\n        return Integer.toString(n).length();\r\n    }\r\n\r\n    public static int getDigit(int n, int index) {\r\n\r\n        String tmp = Integer.toString(n);\r\n        return Character.getNumericValue(tmp.charAt(tmp.length() - index - 1));\r\n    }\r\n\r\n    public static boolean isPalindrome(int n) {\r\n        char[] input = Integer.toString(n).toCharArray();\r\n        for (int i = 0, j = input.length - 1; i <= j && j >= i; ++i, --j) {\r\n            if (input[i] != input[j])\r\n                return false;\r\n        }\r\n        return true;\r\n\r\n    }\r\n\r\n    public static void main(String[] args) {\r\n        System.out.println(numDigits(1));\r\n        System.out.println(numDigits(10));\r\n        System.out.println(numDigits(3));\r\n        System.out.println(numDigits(321));\r\n\r\n        System.out.print(getDigit(102020, 0));\r\n        System.out.print(getDigit(102020, 1));\r\n        System.out.print(getDigit(102020, 2));\r\n        System.out.print(getDigit(102020, 3));\r\n        System.out.print(getDigit(102020, 4));\r\n        System.out.println(getDigit(102020, 5));\r\n\r\n        System.out.println(isPalindrome(1001));\r\n        System.out.println(isPalindrome(10001));\r\n        System.out.println(isPalindrome(10002));\r\n        System.out.println(isPalindrome(20001));\r\n        System.out.println(isPalindrome(2001));\r\n        System.out.println(isPalindrome(1002));\r\n\r\n    }\r\n}', '2014-04-17 15:27:41', 'NPalindrome', 'java', 'dfa45bbae7fece943fbc7dd0acb6222c879629bc'),
    (26, 'public class NPalindrome {\r\n\r\n    public static int numDigits(int n) {\r\n        return Integer.toString(n).length();\r\n    }\r\n\r\n    public static int getDigit(int n, int index) {\r\n\r\n        String tmp = Integer.toString(n);\r\n        return Character.getNumericValue(tmp.charAt(tmp.length() - index - 1));\r\n    }\r\n\r\n    public static boolean isPalindrome(int n) {\r\n        char[] input = Integer.toString(n).toCharArray();\r\n        for (int i = 0, j = input.length - 1; i <= j && j >= i; ++i, --j) {\r\n            if (input[i] != input[j])\r\n                return false;\r\n        }\r\n        return true;\r\n\r\n    }\r\n\r\n    public static void main(String[] args) {\r\n        System.out.println(numDigits(1));\r\n        System.out.println(numDigits(10));\r\n        System.out.println(numDigits(3));\r\n        System.out.println(numDigits(321));\r\n\r\n        System.out.print(getDigit(102020, 0));\r\n        System.out.print(getDigit(102020, 1));\r\n        System.out.print(getDigit(102020, 2));\r\n        System.out.print(getDigit(102020, 3));\r\n        System.out.print(getDigit(102020, 4));\r\n        System.out.println(getDigit(102020, 5));\r\n\r\n        System.out.println(isPalindrome(1001));\r\n        System.out.println(isPalindrome(10001));\r\n        System.out.println(isPalindrome(10002));\r\n        System.out.println(isPalindrome(20001));\r\n        System.out.println(isPalindrome(2001));\r\n        System.out.println(isPalindrome(1002));\r\n\r\n    }\r\n}', '2014-04-17 15:28:00', 'NPalindrome', 'java', '914d83e15383b134d771cf8ee8dae40952e74b7d'),
    (27, '\r\n\r\npublic class NPalindrome {\r\n\r\n    public static int numDigits(int n) {\r\n        return Integer.toString(n).length();\r\n    }\r\n\r\n    public static int getDigit(int n, int index) {\r\n        if (index < 0) {\r\n            return 0;\r\n        }\r\n\r\n        String tmp = Integer.toString(n);\r\n        if (index >= tmp.length())\r\n            index = tmp.length() - 1;\r\n        return Character.getNumericValue(tmp.charAt(tmp.length() - index - 1));\r\n    }\r\n\r\n    public static boolean isPalindrome(int n) {\r\n        char[] input = Integer.toString(n).toCharArray();\r\n        for (int i = 0, j = input.length - 1; i <= j && j >= i; ++i, --j) {\r\n            if (input[i] != input[j])\r\n                return false;\r\n        }\r\n        return true;\r\n\r\n    }\r\n\r\n    public static void main(String[] args) {\r\n        System.out.println(numDigits(1));\r\n        System.out.println(numDigits(10));\r\n        System.out.println(numDigits(3));\r\n        System.out.println(numDigits(321));\r\n\r\n        System.out.print(getDigit(102020, 0));\r\n        System.out.print(getDigit(102020, 1));\r\n        System.out.print(getDigit(102020, 2));\r\n        System.out.print(getDigit(102020, 3));\r\n        System.out.print(getDigit(102020, 4));\r\n        System.out.println(getDigit(102020, 5));\r\n\r\n        System.out.println(getDigit(101, -2));\r\n        System.out.println(getDigit(101, 5));\r\n\r\n        System.out.println(isPalindrome(1001));\r\n        System.out.println(isPalindrome(10001));\r\n        System.out.println(isPalindrome(10002));\r\n        System.out.println(isPalindrome(20001));\r\n        System.out.println(isPalindrome(2001));\r\n        System.out.println(isPalindrome(1002));\r\n\r\n    }\r\n}', '2014-04-17 15:33:15', 'NPalindrome', 'java', '9697837c1aaa681d5a3fc3da16bcc2799491d84b'),
    (28, '\r\npublic class NPalindrome {\r\n\r\n    public static int numDigits(int n) {\r\n        return Integer.toString(n).length();\r\n    }\r\n\r\n    public static int getDigit(int n, int index) {\r\n        if (index < 0)\r\n            index = 0;\r\n\r\n        String tmp = Integer.toString(n);\r\n        if (index >= tmp.length())\r\n            index = tmp.length() - 1;\r\n        return Character.getNumericValue(tmp.charAt(tmp.length() - index - 1));\r\n    }\r\n\r\n    public static boolean isPalindrome(int n) {\r\n        char[] input = Integer.toString(n).toCharArray();\r\n        for (int i = 0, j = input.length - 1; i <= j && j >= i; ++i, --j) {\r\n            if (input[i] != input[j])\r\n                return false;\r\n        }\r\n        return true;\r\n\r\n    }\r\n\r\n    public static void main(String[] args) {\r\n        System.out.println(numDigits(1));\r\n        System.out.println(numDigits(10));\r\n        System.out.println(numDigits(3));\r\n        System.out.println(numDigits(321));\r\n\r\n        System.out.print(getDigit(102020, 0));\r\n        System.out.print(getDigit(102020, 1));\r\n        System.out.print(getDigit(102020, 2));\r\n        System.out.print(getDigit(102020, 3));\r\n        System.out.print(getDigit(102020, 4));\r\n        System.out.println(getDigit(102020, 5));\r\n\r\n        System.out.println(getDigit(101, -2));\r\n        System.out.println(getDigit(101, 5));\r\n\r\n        System.out.println(isPalindrome(1001));\r\n        System.out.println(isPalindrome(10001));\r\n        System.out.println(isPalindrome(10002));\r\n        System.out.println(isPalindrome(20001));\r\n        System.out.println(isPalindrome(2001));\r\n        System.out.println(isPalindrome(1002));\r\n\r\n    }\r\n}', '2014-04-17 15:34:18', 'NPalindrome', 'java', '6898bd7f35cdfba808eafee571db55db730be0d7'),
    (29, 'public class Transformation {\r\n    public static String transformDual(int dec) {\r\n        return Integer.toString(dec, 2);\r\n\r\n    }\r\n\r\n    public static void main(String[] args) {\r\n\r\n    }\r\n}', '2014-04-17 16:33:42', 'Transformation', 'java', '3dfe84c9934269eb63025eb5accc49cd3a4eac51'),
    (30, 'import java.util.Arrays;\r\nimport java.util.Random;\r\n\r\npublic class MyIntArray {\r\n    public static int[] createRandom(int n) {\r\n        Random rand = new Random();\r\n        int[] array = new int[n];\r\n        for (int i = 0; i < array.length; i++) {\r\n            array[i] = rand.nextInt(94) + 5;\r\n        }\r\n        return array;\r\n    }\r\n\r\n    public static String toString(int[] a) {\r\n        return Arrays.toString(a);\r\n    }\r\n\r\n    public static int posMin(int[] a) {\r\n        int min = Integer.MAX_VALUE;\r\n        int pos = 0;\r\n        for (int i = 0; i < a.length; i++) {\r\n            int j = a[i];\r\n            if (j < min) {\r\n                pos = i;\r\n                min = j;\r\n            }\r\n        }\r\n        return pos;\r\n    }\r\n\r\n    public static void swap(int[] a) {\r\n        int t = a[0];\r\n        a[0] = a[a.length - 1];\r\n        a[a.length - 1] = t;\r\n    }\r\n}', '2014-04-17 17:36:17', 'MyIntArray', 'java', '4abcc132b980a43cb6ce3a808b78eb5684575b01');

SET SQL_MODE=@OLD_SQL_MODE;
SET FOREIGN_KEY_CHECKS=@OLD_FOREIGN_KEY_CHECKS;
SET UNIQUE_CHECKS=@OLD_UNIQUE_CHECKS;